COM-Tipo1,COM-Tipo2,COM-Tipo3,COM-Tipo4,COM-Tipo5,COM-Tipo6,COM-Tipo7,COM-Tipo8,COM-Tipo9,COM-Tipo10,IND-Tipo1,IND-Tipo2,IND-Tipo3,IND-Tipo4,IND-Tipo5,IND-Tipo6,IND-Tipo7,IND-Tipo8,IND-Tipo9,IND-Tipo10,IP-Tipo1,RE-Tipo1,RE-Tipo2,RE-Tipo3,RE-Tipo4,RE-Tipo5,RE-Tipo6,RE-Tipo7,RE-Tipo8,RE-Tipo9,RE-Tipo10,RUR-Tipo1,RUR-Tipo2,RUR-Tipo3,RUR-Tipo4,RUR-Tipo5,RUR-Tipo6,RUR-Tipo7,RUR-Tipo8,RUR-Tipo9,RUR-Tipo10,SP-Tipo1,SP-Tipo2,SP-Tipo3,SP-Tipo4,SP-Tipo5,SP-Tipo6,SP-Tipo7,SP-Tipo8,SP-Tipo9,SP-Tipo10,MT-Tipo1,MT-Tipo2,MT-Tipo3,MT-Tipo4,MT-Tipo5,MT-Tipo6,MT-Tipo7,MT-Tipo8,MT-Tipo9,MT-Tipo10
17.2903792329745,4.81839809430314,11.5974833317602,15.2119531976567,2.65483430223105,13.3106568018568,71.9588149188916,5.87959408325844,4.16269240078739,8.55216776545703,2.4105788968412,1.00358789311656,1.71021565414125,0.270517631336774,0.245232644123818,0.949773611386563,1.21157924292775,1.0505346749942,0.653738573838181,0.234725339671368,231.598965418143,106.217065970871,94.305618726692,129.937166880313,65.2131859177433,118.713445831185,105.093067681879,82.9429178194156,91.1097270088133,32.5635056786758,33.8684784546466,24.897619520618,12.2721287779792,7.31486803468491,1.28803932960111,6.45498674538443,9.46410971005036,12.0287599244971,1.03716315420502,7.44529388663422,2.09018341293278,8.0309005794172,1.59732746755691,0.686074556430208,0.24578410025633,0.60948695825418,0.1060331487405,0.562449981762925,0.025575954166276,0.564964057825652,0.0760622335444141,149.01111183269,26.7237580642023,54.8492716251667,78.2835410944995,57.550278498555,10.6621050993899,39.6179647013041,51.6834771834467,31.98870271883,13.7051943711171
17.2260807707534,4.59061847590563,11.0528613809167,14.6273118374424,2.72714329305493,9.79681376749557,71.9791744160592,6.51572334349893,3.3972286119598,8.90123746927272,2.37531783654412,0.94526844658352,1.69943690729337,0.257410415127576,0.257220037666297,0.880578738324513,1.20209679497511,0.984672386093519,0.596990362858275,0.237236360166201,231.598965418143,105.588255791339,75.7245555277244,134.273501223091,67.5425501103267,110.751905928527,52.2587828648952,76.7020965415894,84.9211552426117,29.1019410944541,33.0446884170673,25.710889966621,11.7773386412191,7.39437383891589,1.17727958056469,5.92242799010315,10.0389524040116,12.4146698652012,1.0486641597531,7.0677925158891,1.9672892998228,8.20406833808083,1.56542491234342,0.752083093158527,0.309829464026128,0.817783666566218,0.583511560995179,0.669252624984875,0.0237928351449238,0.5348284550072,0.0756451803499891,151.738078880705,24.3789717117479,54.3297552664113,80.5525640495426,56.1747310096725,10.1148337511776,40.3065424008255,51.4108631690751,31.923607015538,13.7459426622374
16.4902953668484,5.15743602927209,11.8747240557406,14.8024610082009,2.66411988577149,10.0508210929275,70.1251722099383,7.09882153659159,3.44804785467994,7.69960654312323,2.37593430684038,1.06192147310204,1.70536578568662,0.244859564371653,0.279169027994572,0.87362205848536,1.25167878099418,0.979450062066523,0.511884441956183,0.253718855341001,231.598965418143,94.1179271987096,80.7883930430213,140.473116446304,75.053110094363,106.741513479692,57.9358958917832,73.1499036768911,81.1591755130568,39.4718462729271,30.9185947929655,25.6754015606711,11.9974463540616,6.62907236009027,1.06842288399929,5.90545661433391,10.5817960111292,12.1084896667329,1.04974722486631,6.99861315895648,1.68571161172243,7.79689096696194,1.4894048216642,0.848652472030884,0.275237212563549,0.870056230776794,0.181785132500465,0.862189852525107,0.0238208488790371,0.37791450994058,0.0750753218375387,151.000086203029,22.9722092874826,53.0550406635299,81.1020371954842,54.401128710198,10.2556549030341,40.2202361261899,48.821528567702,31.9143238123891,13.7890903674262
18.3393462790003,5.22692992608839,11.8153836013556,14.708291818298,2.72518726887567,15.9580630645016,69.2731132459077,6.69071817160526,3.59208069609665,8.06440335883045,2.4581344967329,1.01422462260931,1.72639074004982,0.243289623431316,0.31522607727573,0.881547236490634,1.16423836470158,1.00578516241138,0.505923321743769,0.254325031677374,231.598965418143,100.645173891059,69.2211734593553,141.25767833454,61.3783542596087,97.945298041428,48.1585218859493,76.5952596277192,86.7318882715781,32.608233126105,35.6128981292402,26.3976921415343,11.3287498628629,6.88364317973444,1.00100237824833,5.49969559794015,9.51108645913667,12.3678732308743,1.00436667779495,6.68780335199089,1.80021143710105,7.93101640038757,1.43568076524231,0.718212910493294,0.218762831095088,0.610831165926859,0.112225282940099,0.617148319429901,0.0238031151573123,0.573855674045047,0.0742534091276729,151.303750144239,23.41728445342,52.2896800658622,83.5048929145427,52.9573739457499,10.2842638508614,37.1572030372728,47.3287165521514,31.8981538904726,13.5442600445322
17.1103715416851,5.60125707631379,10.8845624299175,14.6563863004719,2.38086289589318,9.8358879864322,69.353068080274,6.50036070304469,2.91653336964311,8.44202720096612,2.52263807829519,0.928873710420878,1.75676789716551,0.259383831325886,0.240055031206849,0.885636423843078,1.22707496944508,0.896299650221282,0.577143669220606,0.274086951303299,231.598965418143,101.594034729195,82.1600877427,143.550656479826,54.0377150516337,93.0572781527677,43.9648062868105,73.7089197891659,83.0307648651559,26.8362778600079,35.563150936947,25.8515382314371,10.1738311981854,7.48775464417496,0.816284223005502,6.06073714341784,9.48770626941598,12.2626349418265,0.968661519776689,6.91941237794146,1.86110798702345,7.89482199060621,1.59371302688362,0.0639482071921127,0.312326098340463,0.659048737736146,0.531151678370103,0.775199105239878,0.0259670394664741,0.359267126559309,0.0753544661057522,151.274747580688,22.1476976276514,52.274919811918,86.829285501201,52.937777632223,9.78181157906385,36.7979332609599,49.4415446825748,31.8750992029134,13.5722925153073
18.0514873909067,5.86378957878842,10.4543447764955,14.2621165231982,2.46019202835216,8.82823966618969,69.7832547278365,5.81956969942682,3.33123180645354,9.15735856424603,2.38494602499618,0.99363876276061,1.65187840823194,0.23159495114105,0.26046063327019,0.841814359471806,1.10456402934186,0.839107786163939,0.529071040554405,0.261218145312833,231.598965418143,94.7594368411093,78.6932983202309,142.277889758484,59.881624403905,93.8627198017082,45.6286425570082,72.3693963540777,80.2894225849353,36.292894572718,35.9696528893401,25.8128150230014,11.0024323643185,7.85352993983247,0.987221678450981,5.44566892157366,9.21641950615041,11.7833582949855,0.973833278811634,6.51076052271045,1.99473745249139,7.9551447099115,1.45184806151119,0.0047028756832482,0.27560981172284,0.5801383960929,0.111334978911774,0.691268439229438,0.0242089686993468,0.528115213884486,0.0758737569946725,152.816336207692,21.8916335705976,50.8322332847773,85.8980641853342,51.0726028227478,10.1022660781774,36.9120396455302,48.0278730480867,31.8076050621152,13.4112241555188
18.1563594617201,5.49434749938714,10.2501942628251,14.2484312203984,2.3386179310918,7.53780692076839,69.111651697285,6.29548416092845,3.32783836619075,9.41309794535033,2.26708409429101,1.01548295763986,1.63947578301212,0.229864536387746,0.265265904102029,0.87839597632244,1.23943551092743,0.820120623872184,0.496198415463607,0.354998378234525,231.598965418143,99.6168096350982,80.2351899190173,135.335387939929,52.0256559121899,102.387032286361,46.9832206185342,56.8095663039673,84.2410749215705,36.4005822098533,36.3830740311739,24.9312617350248,10.0815846703541,8.33249329319327,1.03910041879101,5.25614348638783,9.19051410872309,12.3053038903006,1.09970123810068,6.3668434283064,1.54857897216679,8.02435797732102,1.50712486746176,0.0047431091137714,0.220131681472017,0.548703942349187,0.106520208062312,0.740043685408934,0.0230485298230693,0.395006275141022,0.0755850950574256,150.406346089201,21.6639436591245,49.9150919250013,87.0911963905452,51.8056564440143,10.0803631089993,35.8521131901728,43.1956851694721,31.8658140466396,13.6667978866436
17.6335879748482,4.99432927800477,10.2923043704481,15.007221995507,2.62532267489282,9.17565604968499,67.9424926340835,7.00184825426807,3.34893958546878,8.40777909289239,2.39493833390764,0.926129219024691,1.65141499883866,0.257324317177549,0.254850141887501,0.829170935317675,1.29494281622744,0.814053046910197,0.488932729907525,0.506489296895659,231.598965418143,101.126382630427,68.6719151595629,136.735546384674,77.2819063549986,95.0257561765673,45.5626700229472,58.3242274340528,83.7027303180476,30.4279478517102,38.0260654832939,25.0230957872396,10.9798322649877,7.93180143000715,0.922447934790362,5.43123126791598,8.89683494877877,12.6491049411659,1.0102624874054,3.56894975785636,1.74853073869159,7.78134944884894,1.44045078445066,0.0046807616164755,0.317535163305957,0.786344642815489,0.108225992267675,0.567682594018581,0.0234787108800128,0.49268235495489,0.0740485103073145,150.607035909052,21.4862894228286,48.764816287283,87.3004053754572,52.3887791566927,9.93573903917577,36.5490904868837,41.5058458096657,31.8819839685561,13.1768774752298
17.7082837759862,6.00502486999035,11.079807303897,14.4503865436286,2.63765217324273,9.80452031050113,66.5111846438487,6.42976033039303,3.31968720686532,8.50031064851012,2.33812052759541,0.976316177843228,1.68555446191966,0.233369247784618,0.232121277762687,0.85764637441911,1.42284258806763,0.792105290636407,0.489996534463846,0.529111972253366,231.598965418143,97.7055910106096,61.4162429314154,137.876127803519,59.7092767479653,91.2230525701327,40.4399604374439,61.3776346551177,81.605537939011,43.3451666242298,36.0533256186816,24.7308507704679,10.8833339668218,8.16933635971713,1.40222862238683,6.01957612962575,9.25002143735115,12.2899357250994,1.1746055591225,3.2797733753453,1.42013340600875,7.92212412804029,1.46660967245042,0.0047117333798971,0.287695392475603,0.559821068061488,0.393959991489924,0.574618487561526,0.0540119693076186,0.433409592853915,0.0753630110270488,151.644042015229,21.1247855766858,49.4311859178997,87.2312533977407,52.3423749512514,10.342196224057,38.4041838143994,40.7291467109923,31.8750992029134,12.9582597988874
16.6790941958752,4.88433516737198,11.0269316932928,14.5365796592747,2.5439485900315,9.21015055668568,66.3101615715995,6.21905840983099,3.17216525257795,8.73950266625414,2.20875682762909,1.00850480868591,1.67297410233657,0.229079338704686,0.255414818135059,0.847540013696327,1.46389068487888,0.791202271744532,0.471737738975871,0.621432431253977,231.598965418143,106.697603689732,52.6148170439416,132.901737431616,55.2997240215295,94.0050744157097,42.2652367403099,57.9965238213615,81.2224343020054,38.0423478929325,36.1448926351183,25.4641129097613,9.93839142243927,7.94554062780252,1.55840967663057,6.34961045583809,9.4589421071284,12.6511718358503,1.14296494751366,3.31531028898921,1.53594829496137,7.98520699425347,1.49171071445244,0.0046661353826957,0.186758998179445,0.586336187726581,0.321307473367164,0.581828108502934,0.259626709410264,0.431111405753625,0.0761092458703333,148.523134048234,21.0825348136379,50.2692381661447,85.4330357417577,52.3629598817241,10.0211812391021,38.3777126229252,38.8080510029361,31.8306597496744,13.3329980810993
17.4111077491762,5.04513485075719,9.94726677114387,14.7184436738152,2.52309586776393,10.6788154806926,64.4077745996225,6.96093095670935,3.30480616240642,8.08049521681746,2.26143454327192,0.971598374199225,1.64475504902145,0.243528218901271,0.256500230088942,0.815238906512182,1.18926857926822,0.766340491309854,0.425487551290579,0.489220449615116,231.598965418143,100.956133973507,63.5730753249931,136.207557371953,55.1605592878933,86.641713100842,45.0454979657729,60.3002718640887,75.8343011329955,35.8745963862153,35.8956226160359,25.1645263397113,11.6450220420594,7.27024071204223,1.33391150630943,6.21653879070445,9.39391176783719,12.3830214253561,1.14760543695892,3.89125584252926,1.62779406592701,8.05251721613752,1.5795861967852,0.0047427602478091,0.234222399860416,0.596045369808602,0.103600167652523,0.626162173800202,0.330837042407545,0.506985210432011,0.0773624863708258,149.038503434322,21.2726900570459,50.2546832344667,84.8625287822854,51.6217314862668,9.95036507681097,38.3853114998978,39.9459433398413,31.8589292809969,12.7947659019833
17.0423343099148,4.67510524693904,10.6030494891198,14.7529829806208,2.4217415581978,8.17124442379388,67.7981667056598,5.82545576207701,3.00369832901329,8.75350834259056,2.2829680043765,0.967840859493369,1.68365148505539,0.228935808345345,0.244405866720141,0.799066399338793,1.24226793871919,0.843043225967927,0.410785312269758,0.400536846453806,231.598965418143,92.3362456833628,57.0476106150622,136.837587644256,57.2568597601932,79.4084910679667,48.0084989370007,55.9379344695991,79.8524740993938,35.4077125216995,28.2281331278877,25.9604405222213,10.2147880188471,7.53147403828358,1.42498882171276,5.40460745612878,9.40007784495424,12.5133573725136,1.02061476783555,5.38765799198226,1.7874698590085,7.67266714419417,1.46343819439362,0.0047423004874128,0.245554279454178,0.556900139304134,0.115009559713906,0.749759123594047,0.509496022246587,0.348671103717007,0.0780831532074182,150.188500751727,21.2875061886758,50.1322569646212,86.6991476834842,52.0779362298694,10.0094517013466,38.422255774895,44.6245555344679,31.8658140466396,14.1503625851505
16.0706209263674,5.20338781171814,11.1001111370018,14.577156807906,2.37021036898683,9.37039628499013,67.4493504198141,6.03157526226804,3.11080625493991,8.38843686867891,2.30081388943027,1.02205462010938,1.66002563212101,0.222594454870191,0.24782353865208,0.792270859930909,1.22554676367426,0.78880624529119,0.406795879244232,0.442680188554175,231.598965418143,105.40003386785,56.2054289759535,132.045616949759,57.6798393736895,80.0307728051275,42.2074244845546,62.81908289471,75.6076804058645,26.7784183935593,27.7832960925557,25.0273949208589,9.63250098839678,7.53613068535713,1.24171627090138,5.52731886048499,9.47426327525584,11.9139918495869,0.916469701486829,3.40825724106673,1.60693713078783,7.82642754027993,1.50796092697548,0.175485983532833,0.131133232836344,0.525952326457654,0.474606519996844,0.45919399586315,0.647808096783907,0.436070908591734,0.0767563252943045,149.112920792912,21.4550985658149,47.8506671150146,86.7404174589807,50.4427344434455,9.67446401409104,37.6267656605484,46.5995107397327,31.816890218389,15.1810259178742
17.5557581404921,5.19893297771248,10.7599779566662,15.0314422104664,2.38792817302654,7.83305118487388,65.6468096397202,6.88137347647097,3.09111697719694,8.19829581552464,2.45939479633242,1.0683063031559,1.62465333525899,0.223570990602921,0.267159441498539,0.777011221197085,1.23971122959822,0.780724008580451,0.408348705069579,0.461457645506975,231.598965418143,97.2897591021786,59.6193949732248,140.717941274965,51.6523246140339,80.0024305200223,41.8233303690352,49.2896337003191,71.7063126150371,24.1177223381691,29.3486836629795,25.057032069051,11.4942967196118,7.76169948869218,0.858866754275055,5.74118160826515,9.44838094911929,12.3933378323706,1.30814166129846,3.3784531617099,1.63050601070804,7.90979369979782,1.46227075978026,0.180695569770713,0.343010925021578,0.474127981516053,0.16706305708102,0.638455538446552,0.694716335178579,0.384422627175812,0.0751310888930899,150.296836811576,21.1850132074556,47.6057554932922,86.6045529566789,47.6744984744257,9.84717058802069,38.4305067514787,49.1137419473583,31.8589292809969,18.5994585438364
17.2895933442989,4.89625621845431,9.74508232193599,14.7779300022243,2.81478501710635,9.9691768054282,64.9035446215217,6.17899932760841,3.48880021045015,8.60139109332885,2.36328629742044,1.33271160875053,1.64671163763756,0.300782796577525,0.343299585594647,0.813336951986711,1.1863558711778,0.784194314748116,0.397612087735521,0.599915943643766,231.598965418143,104.836108209686,60.8907788210334,140.945691518696,67.3898204353087,83.2484178188656,35.3081366551795,58.7723377848085,77.0810988602429,30.6731304074211,32.3001249418453,24.8626675526961,11.0401907289327,7.94525412875786,1.04969870906605,5.18029719780887,8.93423534217503,12.3651581427825,1.14902479341022,2.88757954440506,1.56701058363994,8.19041359962527,1.40364324604869,0.0492225310861226,0.629871774355327,0.525944788616368,0.105564208514217,0.756328264537307,0.683441963662123,0.534592630438202,0.0740684993196332,151.214369040494,21.4877812441215,49.817649297798,85.2064050038712,47.0481205431304,9.96389806634766,38.5166976696687,48.4595756859136,31.8330581871805,19.2341909673407
18.6322930577433,4.78954985808137,10.0521849845356,14.4232969438899,2.44197794745462,8.3395608308478,65.0771953791871,6.91616972602681,2.9783864487807,8.58333274363322,2.37086811454748,1.52810132441337,1.81813266210127,0.341179349814495,0.471330825245377,0.794541394296579,1.20915884818988,0.933839301524128,0.424873110413124,0.954800550447194,231.598965418143,101.997161071242,65.1514776659013,136.979988034625,73.512414052215,83.0242034638005,37.7293820731835,60.9062752809664,76.1295088961359,21.1906912460269,30.5734453795244,25.1505213337908,10.6716838351724,7.98293388008497,1.15737385933266,5.73790719396003,8.19937237268489,12.4332179622787,1.28733598472707,3.52719151501611,1.54890798220094,8.17187884135844,1.58933482283428,0.0047464363044222,0.555112935755565,0.882140946755627,0.106022435163954,0.961798427325348,0.792638348508515,0.41936876128484,0.0765394292518578,150.72348866814,21.6625072577536,50.5420470047356,85.8982448493971,50.1433246526379,10.6113100858318,39.2277623687595,49.9535717834985,26.2093570008701,18.8915365475158
18.5146913726113,4.75348574047747,10.4391785166574,14.9514063214123,2.61949012481614,8.06647098579345,64.6574586828464,6.86353814923734,3.16764258943989,8.93107377312617,2.45319106138991,1.49866307867376,1.79606627256504,0.368001359039905,0.542448660369354,0.798446205898241,1.30934430453567,1.20426897882236,0.430861467562219,1.02793577664299,231.598965418143,95.8321612044123,75.3213087022785,133.986387820288,79.5661500032297,74.2559427373998,54.0577139834824,57.9542459894064,79.4630003452123,31.1808537646613,26.7725894293364,24.9551950253724,11.5112629684276,8.04105906749733,1.02722556859166,6.17376773040634,8.43724775652166,12.2082391858428,1.12062998873591,3.44395173223697,1.47590014903249,8.11753723126742,1.45202604001476,0.0046873689697155,0.511793691740177,0.510025707052364,0.110468281897459,1.10452452240023,1.31141214744125,0.3955699805472,0.0764180742033099,152.423987818013,21.2350774470861,50.7251439290337,87.3138981733434,50.9890560390861,14.0311735589656,41.5045196377873,50.019460211402,12.7629243491672,19.4290159190127
18.9265573413753,6.80118802076571,9.93523137069576,15.0441922105273,2.4400666620451,9.77427421660667,64.1184381724593,6.15250945931782,3.5078449397739,9.18676902581229,2.36912444705991,2.10028652075536,1.80964724243372,0.332118005788402,0.588674563693454,0.964200745902818,1.42746781664449,1.43038944731122,0.447360909528504,1.33833863016905,231.598965418143,102.183102721298,64.2679959780388,141.118275991041,79.7036557402868,83.9178044143401,51.303067870278,51.5417342822018,80.1868191915653,42.8416070090476,32.2885265531943,24.7141625978447,10.6168538140198,7.68668452952052,1.09886428964389,5.39149270906327,8.62627999709086,11.84442079951,1.22928233481466,2.80478200714209,1.69206779810649,8.06532541229199,1.44234501039666,0.0045535953538739,0.628154438770588,0.432307908358178,0.105953729609828,0.817377279264625,1.26857663239798,0.469340773282981,0.0728362148571509,151.419080955082,20.5883440469885,52.4056786013162,88.0459379701444,50.6578339923375,12.3552568221141,43.8780402737627,50.5596934891559,14.8164321669383,19.2776831549523
19.8572813448442,7.06224980484953,10.8967612825149,14.9527068585279,2.44234119818877,8.45150113899965,64.7340697671966,9.24387597493759,3.10354251055097,9.28968424847181,2.31848156709834,2.05166246237698,1.77446529895271,0.576732771515918,0.515150413878287,0.96612737007388,1.48692367667682,1.46284379850382,0.425574930740384,1.2866554098525,231.598965418143,96.108907297664,59.4140485990828,126.409084122993,82.6394720191807,79.3453691198381,48.2891477402063,56.9166258740871,72.5922531651999,33.9216693114844,31.583151432394,24.9851610310108,11.8723627571468,7.2542420841478,1.02209441129007,5.57694865542217,8.83454093781532,12.5016745103198,1.08728469655794,2.6993578812885,1.80484330389933,7.96298168447865,1.51417586185751,0.0047059092912411,0.612529673582779,0.455513091723891,0.102868184517259,0.510838908901614,1.06641521620069,0.439057328067311,0.0738077533350865,151.268549216414,21.4652403505089,52.5082943242358,90.7991657604147,52.0612551995532,12.7283509237855,43.6231315817021,50.8526396569,14.7614565808597,18.1779922341608
18.9953475028367,7.02999560852849,11.6675048164696,14.8216858618083,2.40523524098029,9.54192387370002,64.7672152751675,10.0531799949163,3.59511706543488,8.62561576385471,2.34069068733805,2.61457263491646,1.783517010392,0.867665678033986,0.597676052739211,0.984798534309078,1.68189020892641,1.46046923353588,0.42188071711678,1.2165702513572,231.598965418143,105.546612725008,65.9636256136578,126.224884660434,58.840478897967,78.6227142139126,57.7419952573667,57.1099862253014,73.5430881244254,27.8204250445153,33.9673078001718,24.5482733033262,12.1981175420264,7.44765780892852,1.11873600856932,5.6360841578508,8.59907003413719,12.1749401111098,0.927447324809239,3.85728574723874,1.52706459679335,8.24243582815943,1.46898140690901,0.0046837401199779,0.896201683413688,0.561355278162712,0.106212062321681,0.543087296916402,1.23576897934394,0.366793188061571,0.0755601488463457,147.305561779484,22.489519802601,50.9971659023882,93.1877896679132,51.0621776823402,12.2227207344993,44.6406573411499,51.5934459332156,15.3273843166874,19.0178752929573
18.9075743090581,7.13142995044363,11.8572395585868,14.7838118381899,2.7428473031397,9.94665336782062,65.5093306351573,12.4761525406689,3.09608060980427,8.7353754689688,2.33368105950434,3.25671320994662,1.81467877438955,0.890708912770244,0.558338824650593,1.02569795330421,1.6884585831271,1.14507335742033,0.419212077156021,1.10590570405808,231.598965418143,101.383061218832,60.6497164435377,131.279474739224,68.5876788315896,85.1272426445844,48.8516891210294,43.9299969912188,72.4286691811194,26.3501085951361,33.5742025762701,25.2829269222149,11.2227126235605,7.05727026779498,1.23646787268535,5.23058565368352,8.84009513744562,12.3048908043325,1.66634444567557,3.24457195672136,1.4733605522867,8.15663013938773,1.52397838194591,0.0046393074233053,1.28089848812221,0.306347742324158,0.70159793300653,0.766195779433317,1.28387204145925,0.591254079849732,0.0760783487319219,148.668474746849,22.7581081211616,51.3157391453934,93.5169777791098,50.2930266793893,13.2342742954455,43.5663151753063,46.9440152572186,23.0761538678276,18.4908490464873
18.8663963303458,7.42965855904579,12.5159733263815,14.5559195031171,2.74864838959319,10.8968418489215,65.7586904996296,12.6812118220438,3.94047654889594,8.46468790664076,2.2574992713146,3.23827462015898,1.81725036082888,1.17042715938324,0.641643630635434,1.14143322857099,1.97543030492787,1.16938409342723,0.455572319509534,1.36759045738763,231.598965418143,97.8082475045654,68.3083635244753,129.635646739254,91.0106845285228,76.2454830170209,33.7685535280687,62.5267215671114,73.7374145400912,34.3757329398173,37.269736749304,24.4255958040018,11.1312496956408,7.57063306828475,1.31983584265355,5.53795600726926,9.11392663966929,12.2116210220309,1.98222548104427,4.23382116027069,1.33187189434189,8.25721387281337,1.9068356863517,0.0046790262273603,1.29757350530399,0.747397242497825,2.05043886037722,0.660924782836203,1.37070670195256,0.449863357609264,0.0743082358604118,153.542757718345,23.1334616682676,52.6737923715356,93.6441541710378,50.2900260079949,13.0303529082033,42.2110297104016,46.3614193084575,16.0558384201197,18.6152817860645
18.8784538255206,7.62616095561423,11.4334445126173,14.5090259482056,2.58317448133214,9.90542534027996,64.9059935961428,12.5550391987605,3.72845534770321,9.33567307925787,2.29832673749466,3.31078971394937,1.94032845482537,1.47401303967257,0.769356205756395,1.23047849934151,2.05570932948075,1.44171395523152,0.521432475994588,1.28290936784791,173.699224063608,104.284935847397,69.867747249695,116.034573399484,76.0248637547227,80.9188510505989,57.6031107361323,63.1897962729488,70.5967353465271,24.3390155964377,35.2210191016255,24.7422882102803,10.4781375867004,7.40171942051486,1.22406096373075,5.64539018881379,9.27343855334409,12.3985099518944,1.87195437378294,3.18824785586823,1.53148561762875,8.34759081982055,1.70695104106887,0.0657334895937029,1.21259346192318,0.59472124270097,1.89588482039377,0.605120221184051,1.2808379565101,0.602577473858617,0.0748737532476677,149.86819020403,23.5035664055458,53.6811580967777,91.83140233533,50.4927307204293,13.5951360062049,43.1254031868698,48.1886857926401,15.0755591207285,18.3298365949021
19.0509653009539,8.23619309353768,10.527351734852,13.8871433768759,2.59756785298292,9.10788578568942,62.8337172190575,13.2193611471239,3.47847335378767,8.28058536669893,2.28626542847548,3.52272873348317,1.96055819744901,1.5242376528885,0.970072272233811,1.28504925456289,2.02011224778248,1.71860235707947,0.539557093329789,1.28680583098516,96.4995689242265,101.877059142748,47.6474384518109,104.868400934237,76.4106165616454,85.4826357103508,38.3277275921257,60.9347904176338,64.2636427675974,22.5301712851192,32.2134175445405,24.5844797879426,8.83373734888859,8.31325531569358,1.4492081094723,5.35453289797505,9.12818304941705,12.5737909707416,1.81652730668769,3.4256909886964,1.77293058180813,8.33782725541799,1.64788460829963,0.295542021951476,1.24825205173349,0.751842280038727,1.87748731492527,0.500079308036938,1.60251360917363,0.49620750120064,0.0725768345341328,149.190157121235,26.3961199408027,54.3168404714563,90.4146293824745,48.8186374544134,17.0792664012624,45.2624566591522,50.921071419771,7.45694362265674,20.4233794469557
17.7747897577492,9.47131109565279,10.3366720464413,13.909253728544,2.21755570517177,9.79877543742681,65.8755404757736,10.9083174349138,4.28572378488943,8.84906065017586,2.21120139228724,3.41965981632897,1.91442185176671,1.57408046523963,0.979982429737719,1.40586585121094,2.19665335857852,1.70047673266426,0.556447312858199,1.25191962189016,77.1996551393812,104.96063506493,58.1687129079656,109.715261277073,83.619376558432,92.1638672657044,37.023704340079,66.722147829089,68.9540705545627,26.7620716070897,32.3072686185903,24.8940195447653,9.17102812629169,9.64097977930823,1.36000870863682,5.7347840247833,8.808951397345,11.5758797639869,2.55574383790178,3.10420958059828,2.15305417564795,8.07903215269716,1.59825970321158,0.489193037237504,1.32907377782987,0.746085856478197,1.53845198707578,0.717081662274564,1.68849500288949,0.538893853901926,0.0986533651328455,148.293412490027,31.6889433186465,58.7018482952121,84.5903981663525,48.8074621614159,19.7686275531852,52.0415785027253,53.9199965983673,20.0907402859456,20.1995480254827
20.5149322268916,12.7778884277301,9.76280766381752,13.8652149099743,2.56679829106837,7.03833999943748,64.6033396640332,8.23241031764071,4.89480423213451,8.21491971697123,2.35650162989905,3.29155571405792,2.05372448158916,1.58647501927582,1.10542443425339,1.56199235153663,2.17219864064752,1.82644824382836,0.565470017341399,1.06955530362286,0.0,98.2713285584191,73.8180530897507,104.904838693571,73.6285923967324,78.1390484432991,63.4632836992142,69.9919354208581,78.8055323288179,41.4744732529641,31.0376244558371,24.887343152669,8.84338722905919,10.1843357766005,1.15690426720344,6.14216903421732,8.74090683663905,10.038520519214,2.07176625153394,2.74393816108102,1.98954690034897,7.86778038171894,1.36130572450055,0.622115143029194,1.2311041341931,0.612695026884674,0.113380029155954,0.690059554118399,1.69774573468516,0.643783098510722,0.265571885251603,145.903251351079,38.4310923838044,63.8251634939099,83.9072004106926,47.6929365237894,24.5223908710516,60.3585805992694,56.1237116919146,33.0156875847474,22.583935482775
21.4088954879973,18.6141952793365,10.975352591484,15.5777632579977,2.55535789184381,12.8247876589112,64.769565006624,6.99703189377143,6.71322069513498,9.89301994471289,2.60773600359234,3.50706490089783,2.1266678819309,1.68560044809217,1.11193402778779,1.63950699486309,2.43919403777669,2.00335262059166,0.54018397011951,1.16222422756632,0.0,98.8317754568241,62.4405269871885,100.3791438775,69.5760114714117,76.593826888464,49.8906221330749,62.1672000833837,75.078899339922,33.6851597293907,23.6698896058211,25.5581737992993,9.98216382272399,11.5553748491375,1.03711313779811,5.7064944413883,8.81608952043251,7.87509970461432,1.95348833444472,3.59072234247745,2.03324145314715,8.29670971974918,1.25220947944412,0.919350477868632,1.28941447875668,0.756001184786498,0.115689695871632,0.637602854483276,1.7308836718951,0.650316819992268,0.266382929889695,149.453907610193,42.2178048569034,67.5730194605615,81.302659754593,50.5206109695243,27.3316123903418,63.6826432298722,50.036749151876,34.4709278228579,24.3758274551481
21.6912675596585,21.2327817176249,12.0921089444742,15.4639885992512,6.25026538019489,7.77574088186577,62.2337603070123,6.37878305811586,12.0933113027258,8.68369401120242,2.57762737825826,3.57463451466762,2.29072656404559,1.40283298016458,1.48261443852712,1.65125545295075,2.23396066050093,1.88175320996935,0.515716533988664,0.660670305558862,0.0,105.941177055352,89.1164005963865,96.2749471685809,76.777867659617,79.6612348419257,105.802132286315,70.4840867871596,69.3368100558267,35.2096632666849,27.1727506834988,25.8542534110817,8.39125890728883,11.324614913826,2.27614425358568,5.69289501411109,9.09393841797338,6.20478915604478,2.73810463403744,4.02976958570286,2.16997379360086,8.11426837162541,1.31006871319839,1.58186506625985,1.38860111755033,0.715187375293417,0.094829654234836,0.98084423292086,1.57604711926598,0.599050527075879,0.387883318393577,154.247026641051,48.3286583882142,69.6718229327457,79.9898433449731,50.9486297694511,34.8511886425538,69.5223983718153,48.9732954137947,34.7555098548384,26.1507533630244
24.8188148158075,21.7881009341445,14.1512116154419,15.6029119397584,3.15701493817453,10.0661947502275,61.7757804464264,12.2209557621062,33.9648876973214,9.4626543420714,2.45857344628892,3.47478085303873,2.51151314006389,1.33619646512628,1.6661618049647,1.559688930668,2.25537974173024,1.73543599702177,0.565188134120239,0.447170312006892,0.0,102.70802349672,80.5234190444749,79.1800661416201,84.9234524838185,96.7285585416656,56.7515025833687,76.5457303309334,70.1313879352555,72.5932327794559,26.8209015630385,25.0799585233865,7.17647049482803,11.8564217159266,3.37115331833453,6.17368380706028,8.11088866251524,6.31139951550677,4.48297054701802,3.25611159991039,2.04376579169552,8.36107926800417,1.43017429588849,1.52366234192824,1.38625391922289,0.709956632239295,1.10478590543917,0.609678171849024,1.74065642208806,0.652952989247413,0.528384119505931,155.388649690857,60.7476669650143,70.5564655131415,80.5611094597207,48.6045534084537,39.5412089642792,73.1275874679835,53.4933059234439,38.8366524434392,29.7584002228707
25.00684777569,21.9851739941678,18.6392159093388,17.6971775747613,3.35475599746861,8.23701529813146,65.5281896440365,22.8549089226383,19.3852900706172,10.5377559097064,2.27854942556628,3.1132397849585,2.64462259783986,1.20900165763895,2.09280200891976,1.53531680855675,2.17028672213345,1.76800409484993,0.480172888566172,0.583096187291253,0.0,101.024008973385,83.4466987022976,68.8278778210253,80.003234108888,71.4786201105643,78.6214803271961,51.6717264694677,65.9703382601301,51.0323602596814,25.857132521805,24.8684965326202,6.98032215723496,12.1886804075381,4.25594891039967,7.92389563718502,7.2158305517606,4.58083859626193,5.3266974161762,3.37466840953737,2.07130865567484,8.28150095002674,1.31955430825942,1.52612779586291,1.40017801343414,0.921322645763486,0.48161832028819,0.706463029723099,1.7296042530364,0.750236429927704,1.0412037259053,156.11953531285,69.5273579055195,72.4271693753653,83.3109849550606,53.2013012673332,46.0755835704954,77.1705027615643,56.996865258609,41.9581158303579,31.4617383620086
27.4460582365591,23.6920239779061,19.5841769734226,19.2328811953775,2.9218079210599,6.62878238029381,63.679108092236,33.2153958495644,22.3240262296729,14.2387905953524,2.33477064378308,3.00270780219532,2.6447533732829,1.50589300716738,2.49961449735479,1.64090038924143,2.24901118898854,1.86026069582252,0.538923128833016,0.456035683126442,0.0,100.991073914851,80.5093024063167,62.0563333691058,85.3112149342922,75.085804186101,69.3882430391326,51.8361649457342,59.52730879175,41.4085289781805,27.4653280755501,24.4200592130154,7.76130107023614,12.6124706000725,6.73293122017237,8.24642694160118,6.41942528034709,4.32112751744783,5.39601105046252,2.84716531106381,2.80906200623852,8.17507709858824,1.25476846974941,1.57906733695705,1.39858670494811,0.794020225181654,0.60066690956534,1.06931003198612,1.84650983899487,0.795547187358564,1.05451683535567,153.689147000948,78.4146862974728,76.0535868651426,83.8532974564527,55.6177253624908,64.5862066477189,78.3939732236892,65.9436110091134,35.1878468196017,31.6750493977124
28.105994885219,25.3053717639323,21.9646053295187,19.7842310515265,6.0972117600791,10.1799913816304,67.6268693415604,44.1459287386859,23.0271536591788,12.9149137579745,2.3551208926854,2.78879926985192,2.60248582083305,1.47646346275166,2.46479674299772,1.72246282282834,2.03015390361451,1.8068376341595,0.701775527457906,0.783282029957194,0.0,103.127832700066,87.2146986955135,56.630028874481,71.0285655459449,86.8451178856321,90.120471029149,52.7935965846354,59.1755174715826,47.6133517209153,32.7319741842318,25.4540677430014,7.19525785927248,13.0504096584013,5.49491168874168,7.80999307137215,7.07181589265206,3.99318877244546,6.29111057357374,2.41332822752622,4.40087694352303,8.12369049012823,1.61431228391206,1.79349063176842,1.38735403206346,0.796052802558713,0.569995196620443,0.731110321145489,1.57924008169633,0.716924512016647,1.05396220892837,154.566012115503,96.4380365024281,78.0926064016265,82.3033666663413,63.969727947406,78.7015657079993,80.4454847035646,67.7197466337897,35.4555258173286,32.9159441762883
30.0574159150474,27.2525721516506,24.735670528301,20.8559561543016,11.6871289620711,9.04367606858586,71.3343797352451,62.1315271522271,23.1295755651855,13.6826360516804,2.4237050251261,2.72076747502129,2.68997042657586,1.76153323193431,2.66268181600945,1.83636594489562,2.24233290573747,1.82648278972452,0.820995536076458,0.677965325475619,0.0,98.4746319027797,83.7870927446535,58.2176421910196,67.99659143031,63.5598298416185,51.725988554331,56.6827743120081,52.7428885769142,38.8994906526197,31.4706554609168,23.8379147301831,8.15870081892052,12.9862532815772,6.78707690365827,7.89074960811768,5.65641045330223,4.01526653287041,6.84703189467302,2.34756318511662,4.00095955549195,8.4168433175741,1.79248786999548,1.8510455900306,1.40264012569423,0.947410519363751,0.664121859178852,1.01135217305542,1.40031760845643,0.660062638424348,1.08783171347161,155.237907991251,106.547409819393,79.9468888770894,82.1365778475538,66.7645251957909,91.7960155859715,84.4049821502516,70.7718438095928,42.6137896601659,33.1311331416844
34.8205162795942,32.5656250334726,26.3830052529661,21.3611097211675,17.146846029164,10.1418530757842,70.3871690373616,71.5074651852905,26.5591521349109,15.865363112887,2.47009068796115,2.82198459328636,2.83027897292745,2.2854070072064,3.66594362119586,1.9528286676242,2.21463190353566,1.77507667281376,0.973815106078208,0.889543383119159,0.0,100.974974061364,67.7146035157787,66.6332657033945,71.5640319756449,65.1747034349024,52.9600915794528,51.603537993028,58.2092801686347,39.628977223572,26.9233844730102,24.0753782487549,8.07855689017632,13.2316820717354,7.81482055586071,7.58326380652533,4.52989736934281,3.29019299281658,7.17063239777679,2.3430268917507,2.37299700200362,8.23761069420871,1.71730731783365,1.84529241659192,1.40625228517872,0.8775860611997,3.28487721904554,0.972203722946674,1.62740290497417,0.849420261104353,1.23041324678869,158.818025432082,114.316119556132,81.2144865365932,82.1455602694519,65.2970851285476,107.463410310026,84.0208592244609,74.7557457973581,44.2044590978427,35.7757740176135
34.68196452112,31.8008758843122,29.5291563910399,22.4762090917279,20.0918620344412,9.97114579957823,70.2176275326455,74.1195340454228,33.3421178960681,16.1371812294196,2.55911306673489,2.85304395555727,2.98590042262726,2.51279182650301,3.68111767720217,2.0205747111309,2.16970389746485,1.54815347763222,1.13708082712458,1.14957923175702,0.0,103.13916253403,66.8007003191819,61.1513617215652,84.1715501414222,80.4602697525964,46.7760060192979,55.7698622042768,61.4983035391779,36.3288829912324,30.0357960885002,24.5909920412328,7.63533966182442,14.1825232066429,9.89936625780446,8.33658093998053,5.34608004700693,2.94124631168727,7.60831016458237,3.16786382115471,3.09779109257386,8.24421530801944,1.72942119335641,1.83009707460295,1.40286423151402,1.21598005074422,2.95272541657847,0.931940172052819,1.72467343671978,0.768654916229743,1.27540817782492,158.412915689831,120.347332218097,83.0456535334811,82.8400407399845,67.3521775410493,113.806717211074,88.3420002267637,70.8840441272636,44.2367989416757,35.8048106387818
36.7366073531991,32.1182823799688,33.5895328752772,23.3592305803205,29.1775455495167,9.03568925214147,68.4969612646615,72.658113872427,35.0350731653846,16.7453943670903,2.45224837346378,2.81579076892669,3.05399406132589,3.26477947833566,3.57298148438111,2.02417654042221,2.05319622997605,1.60294089619991,1.2219799914485,1.31946513821892,0.0,106.122683646822,69.2528373997279,48.2288241166577,79.3280229284631,72.119598136754,49.4872184167602,49.8377147540198,64.3394040589649,54.5804991693088,42.8650972128627,24.7887356624524,7.04056050779829,13.3182717998311,10.5127274864191,9.31087007467234,5.67865636559512,2.63388459457678,11.5575992450543,2.41082552653512,3.31058053705184,8.17539371843985,1.58400627094889,1.84098696644392,1.39806358791809,0.954050777703319,2.66239660932718,1.11930007987172,1.83466343476748,0.784676491072941,1.2658694211464,158.448812296368,120.561453922749,82.5345378095128,83.2417782898439,70.0848879972826,120.873216496791,88.7580325764644,69.6727977862639,44.2436837073184,40.449540631173
37.8775795266175,31.5335392131134,33.6798102194584,24.4799630075485,34.2354303392997,12.0421751063451,69.2999518690828,77.8248179986672,37.9855639021333,18.0840660043435,2.50306399816494,3.22909108042027,3.07222973212057,3.74199203231919,3.61506146817877,2.14500294084158,2.17298163772724,1.58376534509612,1.42143206569969,1.7559217744796,0.0,104.642909479565,58.2509507007863,66.4330242639357,78.3106854058807,73.2405352074897,45.4341195471045,40.1219169199501,60.6959102911108,45.0158595380919,39.2580426539273,24.474131116436,7.06570331666813,12.9214337882489,13.1988262343399,8.94238890723231,5.98544392494822,1.71606403096364,12.5502715598192,2.29155682568107,2.88268905637179,8.24605672330007,1.35119174203089,1.82473831031726,1.40379566608232,0.962340465252523,1.15632284347884,0.949456936461552,1.64752260881241,0.963594020465519,1.32092306732204,158.75006559304,122.47642487493,84.1510295128809,83.3751320499518,68.85973259863,122.71392109136,86.7651954131459,75.7819245109297,44.2529708167173,41.0971670976792
42.7916405852448,30.1973058082937,33.9815494787121,24.387577753201,36.0615006605215,12.2160659763163,69.36355868091,78.1900711742399,48.0430234228269,18.5287693756082,2.60078361147263,2.99313130288779,2.94158844434787,4.0348301782937,3.54911655675546,2.1276628540943,1.95469060597799,1.35062593328343,1.44355212039352,1.70562769515421,0.0,104.420320612778,76.9491241290352,52.7321319393603,95.8994292706974,66.8295082414934,114.889138831234,51.9548719767704,51.6878940109426,60.2037913955124,37.8888793263143,25.3166084127477,6.76575998847402,13.8494013557877,14.1295111635303,9.66099210989265,5.41660825047504,1.62584680015773,12.6743720328818,2.78795455228195,2.6720670467468,8.33667359949023,1.37043472168532,1.76923721544144,1.39063065079917,1.29887527828716,1.66281000706957,0.977498255364154,1.66353815643434,1.07178496162816,1.42706685896505,157.932462929808,125.206523880961,84.0785646689449,83.4734372259854,70.8593119494658,126.639813313351,86.8999528597809,80.7814384397785,44.1596016758526,40.1216143608
39.6542995058068,30.4259530261826,34.0201227210838,24.4758165231537,43.1252902450415,12.0104566003342,69.6438609283426,80.3637240166531,57.3482605278183,19.1307254331708,2.59787528646909,3.09413497359614,2.87256405009538,4.16882730080606,4.13046307604074,2.29784977829759,2.00098898854536,1.45586863264294,1.36062930481623,1.56464207822959,0.0,99.1790405929177,79.2002399697088,49.2788697766934,76.0502725681536,47.9778295034622,49.2035863371927,46.9482557748471,53.3718466141119,74.7432332638662,37.019522882567,25.722203138846,8.22274419343599,13.4644490567561,12.0646442273879,10.1315872680533,5.38168710530936,1.89673030411608,12.6687177355879,2.77488404044921,2.27337571776653,8.37003794659695,1.29345633334148,1.56638508683897,1.40756504448927,1.16558405806189,1.14203912729028,1.13711057976472,1.7626270016555,1.0458552758834,1.42829165136261,155.534358553536,125.563216020548,86.1634260024215,83.964917695997,71.2337590939816,129.407037441548,88.146610333684,80.8104286742279,44.2270958166508,39.9971182667305
38.0096881698266,32.0704386297403,36.3168785914288,25.2396558822707,40.6074640611406,13.5324392736193,75.2214156424826,77.7428018849942,60.4184963823264,17.4191890480429,2.66446091440289,3.25882859677003,3.07704066014808,4.9018127795142,4.59686236779781,2.42982842254949,2.50353949251835,1.47596143527317,1.60395024214166,1.35167143492348,0.0,103.995788020769,76.9438556964275,43.3873458538902,74.0236879770758,46.0378176661347,98.8505809987825,59.2695282136008,45.2943021645437,50.4655982978112,39.0588717558484,26.3312669046788,8.85837706018698,14.2987881078359,12.2929411269334,9.43414394855265,6.39855748094929,1.88418174971947,12.6964225716251,3.18242543722391,3.40612168182646,8.44905442074034,1.28304054730338,1.56900849974733,1.3818838099606,1.32639674554038,1.12470311371618,1.49315839196675,1.59905401468125,0.988615747287367,1.46534529875671,155.069738191015,126.402210285397,85.67977365743,83.8886681840825,67.7855735382555,130.747785980146,85.8138229741804,80.6537250605444,44.2339805822935,41.3076646568132
39.7219660100362,33.2912601687744,36.5497574987911,25.4533345942288,44.5292463064347,13.7682393235736,75.2456641777547,78.9196558945215,61.4824631842832,19.6914942346773,2.65302722985405,3.33945489608029,3.14392996848178,4.7738402079962,4.28423030833352,2.45769856841692,2.25265887856736,1.42030655460447,1.49696810197888,1.4747639255865,0.0,99.9194830964673,91.0336575509424,43.9088100558322,92.0908111134922,57.0959603464204,70.6469415231945,51.2779403373642,51.703846830738,76.6815844566653,41.1277706779047,27.1350245325942,8.16732793671675,13.9457501788448,12.640662618763,9.44700314140001,5.59864195536942,2.49400824143893,12.4416205507919,3.25736697109716,5.27408855607688,8.24893042610847,1.36875155529536,1.84111199695303,1.39632928932944,1.32925564732439,1.6055176220318,1.60124885401022,1.94224269689438,1.01995101127949,1.48589845898651,155.056277497621,125.217007401496,85.8249782476465,82.9062797538265,67.4708622337368,132.866926366445,85.5238154050766,80.5922052849959,44.3564512857329,40.9460005933849
39.7153258732858,41.2151818374808,37.1924703924859,25.2671358628707,46.6002785428891,14.7047676483593,74.876912467009,77.2899954863471,70.9774729952592,19.9528484839725,2.6690133890783,3.06603326036117,3.04582844296782,4.23408964086325,4.25676928109147,2.47597719269997,2.11650542990323,1.39608451793254,1.36800164930083,1.75897684324789,0.0,95.4894594228028,90.6519944656921,43.0413034732266,91.5009314758823,60.4077429332312,55.3837320780188,57.6787332945899,44.4664960136904,44.0821528136988,44.5669083670252,27.4036715251563,11.2061839205536,13.8297033562813,14.0124295661098,8.77282529603535,5.76465167226007,2.91254132298805,12.5783728192256,2.64740872735378,6.20207779109778,8.33225022942833,1.67769431392334,1.84380703461239,1.39180027504861,1.0016283196487,1.72085455880446,1.74129381981102,1.91195522335867,0.999668999712976,1.45389571457082,153.964701200874,126.826076497423,86.021701880964,83.173239227168,68.2331670452638,135.2162564506,86.6760102322529,80.3026720811277,44.2169805822499,42.6908267697387
40.342977975893,40.6726659657489,37.1899772284115,25.8616231703977,49.3154670324201,18.2216304581256,74.7968384920172,79.5636446671286,74.7126893216934,19.0649690852005,2.74675755509471,3.24740089366611,2.99364566137438,4.11072801569649,4.39188533053201,2.46937715651406,2.12708205884451,1.45818979948207,1.48543779878407,1.44388082520583,0.0,106.156071586215,97.1950909504936,62.1254994914177,89.70440535607,58.3056592578167,53.7525516610338,62.4738953953315,42.2428480684752,41.0965158561836,46.6786676405669,25.4389428029159,9.75076874313173,14.1594695550323,11.8358289638514,9.06202203377253,5.98727208060126,2.84856405384324,12.5903251516542,2.62684377679433,3.77747472142753,8.27241264802965,1.49896651230113,1.73086255373247,1.39084611251555,1.4255111339727,1.14669954548525,1.24232237989367,1.79297360299483,1.09475911168432,1.36013561959929,154.63607363912,129.285371425611,85.1097629137794,82.9340146171789,62.019886250907,132.56404086762,85.4339567622678,80.390948936823,44.3402833169414,40.0902784232196
39.4671950127256,40.2986381319312,38.1097745960859,25.7656060800953,46.4552922140716,17.3576931981398,76.2963072491791,77.243720827923,73.7692525496091,19.884181491457,2.53421176222445,3.15225731473446,3.05468008117812,4.01903257572816,4.50318979706995,2.39409511802086,1.97067290472886,1.32125594773219,1.47224645443902,1.55007056124605,0.0,100.524969545573,93.6319981224361,62.9931294031857,82.5010528299768,71.9027373583358,46.3096913228718,62.9213875820258,43.5685157296626,44.7705970873616,44.3921068536681,25.4420227591988,6.92348032563058,14.8123391102439,14.2786320737801,9.08575763123439,5.33845730474289,3.86635709800856,13.2245239291151,3.11428502079796,4.56612834431745,8.14934565501756,1.26540808694911,1.81226254211881,1.38904642239079,1.50345946243644,1.20024921494079,1.54978341865125,1.98662665079911,1.0019848564898,1.42660091661378,157.367033118787,130.431087737145,83.1095549008326,82.7354195238957,61.0316390726768,134.312927346719,86.4077199483611,80.9295629518774,44.282072379292,41.9329698341996
39.4703004814904,44.0631567045991,38.9088366116212,26.2439600862863,45.9198996333894,16.8044861642475,76.5677445063349,83.0516437072258,74.4229822890597,21.1058648469015,2.42474492679093,3.13787359528492,3.13542969438405,4.3506713478064,4.22616317349039,2.36836770272504,1.943064706476,1.43260410780973,1.41271114952667,1.91117803560486,0.0,94.1922972547281,88.4742145623865,41.9901938330902,79.0091126507169,60.7767278568833,118.345311188293,50.5539999089801,47.0569502936944,41.684064378075,43.7238566107306,25.7343300318344,7.89850418632899,14.5551706341573,16.3900256666598,9.46178982462456,5.73228967035043,3.71873587124997,13.603705109555,2.54562119844933,3.55175181957033,8.52061044616999,1.32546620361118,1.83992583980676,1.40406811937198,1.52909859033954,1.75103815051127,1.20020155602373,1.99409306569896,1.0640775036538,1.42637288928546,154.81231094426,128.518377527157,81.2859357555266,77.5605054481123,60.9255860328538,131.481789644139,85.9313219979195,79.583499960141,44.282072379292,41.2825259848737
34.4280387386571,42.9936623147253,40.3910548804195,26.8934679018886,51.9419797402776,15.7814726095566,72.8189495665546,79.9914581457345,74.6463978174705,21.177170267164,2.45229579777706,3.10070884096053,3.13192644449297,4.93357090272536,4.37893068050729,2.45309438170878,2.04224377708493,1.48754389300555,1.41516909614195,1.28750090692809,0.0,106.025741142114,84.0480102246525,62.0788427532205,94.7599407473584,58.7764202432972,46.11247770018,59.9274120014788,48.618452244008,87.54388784287,41.5052445541782,24.3571307110382,7.26721927321972,15.0108204481929,19.4332272786033,9.29888533257337,5.51278391678104,3.12865159901092,13.5855143123087,2.72907979206013,4.25565592446182,8.5628659212149,0.842653129757015,1.80435946648191,1.40497192790455,1.29844340880956,3.28836403521576,1.43057688375186,2.06664201098327,1.02178209636062,1.39066097764038,155.194475373952,127.462186606478,83.0303625178168,80.2001103132863,66.0270676743666,130.073776212791,78.8633815500894,78.8974901927551,44.282492301168,43.2709415173215
33.5895482561366,39.8893085401324,40.0540475545911,26.8050377256849,52.4863508366277,18.7858633709768,73.305258406768,77.9956248842486,76.426725218552,20.5438711918735,2.43574336966925,3.06170403701381,3.10187731317352,4.81337272949846,3.91057588350806,2.6099184070129,1.9719324108714,1.81974812525159,1.41124496309991,1.04219435877167,0.0,106.410562796695,84.2193575143831,38.0724693833568,91.5269846984917,64.5232879697667,50.9147378233697,73.8232254530226,47.2849513308815,60.2470926649657,39.4119901634158,23.850698971853,9.53866348754722,15.791875315637,19.1715965743647,10.1092213301168,5.16577736030721,3.01575016242262,13.5052141354603,2.76991931840165,4.16375307036206,8.71666061905614,0.683728766754142,1.59299439900257,1.3738156647548,1.35623352025406,2.99914579307484,1.27918803901924,1.92833339607812,1.00859755745819,1.43600509078188,155.494831575895,126.032326007104,81.8774338039199,78.1199893362672,67.8710236727522,129.257830898196,77.809363236837,72.1335302144553,44.2497364417089,42.0430250102633
31.2967147490916,39.1286041907959,41.1329391613067,26.0596304955622,48.4206906609589,19.0640872492588,74.0406749141868,77.6250709274006,73.7264825298736,18.9084219653121,2.5392209171676,3.20138402810899,3.0820640362817,4.2748723987943,3.88232820470655,2.64608110909623,2.13094942156559,2.01724483158972,1.29931952492323,1.48454067359908,0.0,91.8232661920989,83.716997163725,50.0379301467257,94.4244431893687,65.5303953287933,56.65391443352,53.9971200199685,50.3505711373738,57.0369924510188,40.7896017332011,24.7157884524573,9.02922475961384,15.6192300391726,23.6273268239541,9.67770732109213,4.52422439528965,2.81569954945495,13.9414142410236,2.94735590076302,3.87515433987134,8.63656344125056,0.656495564720855,1.70836096834159,1.40257705349391,1.68422419019031,1.74938006956882,1.51031601409633,1.98847966275863,1.05781105510338,1.46981093566145,154.133599882948,123.262058666009,80.8809635865183,77.8496468062764,65.2968214566719,114.988173635005,78.7237047919184,73.1470802658851,44.3079434731084,43.1294551888333
33.8960028474441,40.1265841760313,40.2037365201498,25.8104215099969,46.6684318635271,20.0284441874586,74.4598821915797,79.8113285062022,72.1584808134,19.4751722121597,2.75155929733181,3.04608132686228,3.02575201301717,3.86587176963441,3.54807157391421,2.45023232135062,1.95869426019398,1.79629995327473,1.26641913646756,1.62840904179847,0.0,104.643242975658,126.845396255996,47.5913529721756,111.100421186688,69.1033245826143,60.0111890399022,60.1773250869663,52.6872159085574,58.7701319742655,44.7457169604533,24.958977557391,8.85715876786038,15.5214174098547,21.6230901031808,9.22452814932936,4.79166841535057,2.97839993992852,14.0126765754054,3.45229546759642,4.6506936124243,8.44043567742728,0.611849464834051,1.54875729567384,1.40723788081513,1.82656271204923,1.85527294570148,1.24323007941719,1.85156072671448,1.06634416609802,1.44086956188814,153.775224759958,120.710945866492,79.0246994215972,76.5065683116179,60.0105751052121,108.780542027274,79.7409670015608,72.4960350981983,44.3051290199761,41.7914463963363
32.8066932719287,38.3783666383844,39.4525871024996,26.0004898702797,40.5299562482704,21.0090091335483,75.0288858564068,84.5500028452418,64.9388474781357,19.8313682587829,2.76078288375977,2.93347143285915,3.06675509258897,3.16272402699598,2.95390349175363,2.48182146111345,2.02132912087119,1.80093243740531,1.11073947449131,1.07652307660093,0.0,105.564461846069,68.2096169426218,50.528879852873,98.4265320493506,79.3989190464995,95.1060234646308,59.9100203999476,56.3279505821782,55.3117484355703,39.2180326442337,25.125761871507,9.94921329213762,14.9362721028254,22.2103196388802,9.03145391627316,6.20886996689403,3.13469664340415,14.002619079543,3.27232803177604,4.2395511564228,8.5358075200314,0.702682172773643,1.55223916799674,1.39806020809654,1.8846245062146,1.04278812978975,1.11889202936223,1.75954945669782,0.987620874307837,1.41224929405012,153.277327053601,120.710939274695,78.8636110422775,76.1227790039921,60.8708578222641,109.991149452256,79.9254018164874,71.3408771362488,44.3402833169414,43.1387916146385
33.9639547520655,36.3586986599879,39.0428600497614,26.8734405580429,40.2952340791806,19.1361263121029,77.4317840612431,76.7050125733968,63.2084586759255,25.5159859617156,2.7670278632064,3.02709882231558,3.12838004274927,3.07800667876114,2.59335661000922,2.54139619473413,2.03704066768679,2.051783556119,1.08878725120732,1.17263519184568,0.0,104.068215999154,115.564496496034,52.0309239785866,112.10350248371,61.5215228384525,77.9035132874731,72.1043963545548,53.4090477554023,55.2538440777644,38.9684999298392,26.1129798401646,10.3813457399288,14.5510759683265,20.4729606844636,9.1567473215531,7.20973350541039,2.51158899225333,14.1270343719649,2.75327815811097,3.82596674467396,8.340166854869,0.700590395117451,1.60439629947587,1.41309162492571,1.6063556194116,1.06302733282645,0.997974568522744,1.66316050143061,1.02874123285243,1.33618841663049,158.012292275716,120.033218813971,81.4255534316662,78.099855547153,59.0779571828963,107.726240266755,78.7143974188476,71.7625038463154,44.2917755043169,42.1943355575267
33.6848429343262,36.2800653588311,38.4822296759899,27.2114469073136,41.7279909219613,19.7403062466292,75.1172419359303,67.7665428041416,52.5410236274161,23.5712303371925,2.71268538326904,3.13475703360077,3.06319750615362,2.41502420904809,2.74727783399107,2.54880158975366,2.06221389905919,2.56702116252694,0.910738572151312,1.32847333159468,0.0,105.299823418812,76.7080673667739,48.8670024449765,103.855868953638,71.0908870790358,86.4520047271602,57.5611385682392,47.5265063841576,55.5189408180098,40.6152479737494,24.0372844959323,11.2846314819083,15.0564292162208,18.480742900738,9.3929859865186,5.541668562476,2.90209860370842,14.0097067875877,2.30418153669953,3.8215324486911,8.5078236962421,0.738955832889061,1.6670880219167,1.41392429698849,1.75019165398654,2.03139866620101,1.10153083974155,1.5583169111156,1.03040865217316,1.41674102348239,158.682593424898,119.776843325031,82.7474660327157,77.7695971234537,61.4959125113685,113.354604294874,84.2272626673735,73.7542575135374,44.2242813635186,41.9104454200793
35.0123021691821,37.1546166325394,38.0550055528556,25.9758951435997,43.0490612407711,20.2951907707639,76.6262403562237,63.9975906377024,46.3585634538439,25.0454442114212,2.68257224133369,2.72253419090822,2.9828998735087,2.66223110192784,3.0576788145009,2.62578010030297,1.8335958111061,2.30423507755919,0.983205242177806,1.26158899762589,0.0,106.262004569423,95.5787649646342,51.4326441945076,101.219470032603,72.1108976973165,77.497218122189,60.9512147340105,51.4904482715519,62.6830797211267,41.6207552961577,25.1387238475651,12.3806609210308,15.1807692522895,18.8164219569829,12.0788645424675,6.82189259532492,2.7702324440352,12.8722461320163,5.77728851401674,3.77293619264886,8.80919329711857,0.78763853070446,1.73374515241429,1.41346409194152,1.73995480775567,0.970695703124591,0.98230062701783,1.63529365151034,1.05829634559787,1.40322549095002,158.797837687889,122.560613107568,81.3135436657537,75.9491427730777,64.1404412046801,122.142278633838,84.4657735322436,74.2920624465585,44.2012286290844,43.347608997987
34.2656183277251,35.4353468489371,37.7647081881878,25.2891075426632,38.6095573133168,23.7895384437039,73.8393345811939,76.6035653072873,49.6749594657778,24.5834652053084,2.58332427729669,2.9345097781276,2.8848299642036,2.79579632444427,3.30920186920543,2.57471201895342,1.94097821216778,2.09658436493257,1.05575954342411,1.09949603651196,0.0,102.496538694855,95.1792521479707,47.8484696098962,94.5584617438149,68.9033806132477,59.7771737204993,65.4098250775455,55.6809616307064,71.8201452564337,46.4012015766133,24.761702548877,10.2124129671727,14.5235026020256,19.2057546426916,10.1873274760409,6.97733053408849,2.58040442703984,12.6347017800034,3.4139715817001,3.26215954347376,8.61207635184369,0.882703740333736,1.7308655749725,1.40149730350597,1.82980526554067,2.42273115924208,0.799373656520929,1.5557876296706,1.02581014174225,1.36524026402914,159.439574139732,125.893921465733,79.501853719697,79.3343476157515,64.0828097348057,124.222308424333,84.7355501442642,74.3604479447809,44.1596016758526,43.7062256981263
36.322987966458,34.8276703323628,37.0782218567839,26.2259161408876,45.6106027569121,24.0779483571908,75.9768514371064,77.9791673646388,49.9360941105797,26.5965911914862,2.6900852260678,3.22053615697312,2.88106850510103,2.86589643273716,3.85814635205297,2.51666810798571,1.79022393438825,1.76502519795162,1.21622306433786,1.19737057229479,0.0,107.369696828171,125.78152455381,71.3948330318577,104.61848809289,88.7719583362645,65.5397576944991,72.1208504560877,61.2510038570059,56.3026533410128,52.2816310093853,25.1718356664248,12.1072977759281,14.9144106510102,18.7700274299246,9.54533694995577,6.2942585840609,2.73539812138572,11.5801912495969,7.86956894248576,3.75902249532883,8.62064916620478,0.778957836711998,1.71880039024234,1.41228842521202,1.84144561509451,3.44284955942626,1.06028224634235,1.65679618301377,0.983661554507493,1.27551770540539,159.385990765571,127.165459310794,81.4841222794728,77.4400534214359,64.8623203569238,128.565413660091,88.5546852859034,75.1950648902827,44.0852266756617,43.1384273568251
36.0238593029199,35.3352574929903,38.2771124875102,26.6912403618602,48.9328820696553,16.6044156066513,77.79138538132,78.6424652193694,51.461843690621,25.86040759422,2.65726763179613,3.2325970692638,2.7957993609431,2.81235308604789,4.43274982979068,2.51285917879349,1.94817834597037,1.72698763332101,1.37829962225463,1.62370359777279,0.0,102.440046690562,85.4170704028516,86.7120092738112,108.17494658258,84.2986580513497,67.7866961670161,60.2504198133973,56.1864598597767,66.6136942770381,52.3558607455797,25.0563228404829,11.3292585298928,14.5298636254461,19.2979966081446,9.50224862889196,5.84112369330727,3.44134324205345,12.3054051934087,4.20234171152703,3.30314868225312,8.20651213979529,0.864444433708421,1.6674008270713,1.38061408806169,1.86406490677625,1.91137688477477,0.975640673397613,1.77092802648421,1.0341870943002,1.22824817735517,157.155497107502,126.897003743699,83.1709103697401,76.1372383546152,62.1368602974376,131.83150961574,89.3710888524521,76.0639445311848,37.0956354711968,42.9385079227182
35.9927308848024,33.0702206169374,39.6831061465694,26.4231275676108,48.2183224959298,16.6346055482017,76.1005206271502,81.7573104490906,50.9855877984537,24.3297178896433,2.73412939735803,3.32124769055473,2.90914282881143,3.06021870080804,4.87991276417354,2.59412659897212,2.05122406213733,1.98533725617894,1.53579143315925,1.68241260879431,0.0,104.317828059251,66.9521898208623,90.3178613486178,111.828113812331,76.3367337492784,74.3195042607228,69.128041867726,51.034366973545,61.0493369872518,49.0151161226883,24.8994543596211,10.8050093150221,14.1091164629224,21.3294511654074,9.64802494584588,6.10320589656465,4.01758785262249,12.6136506538708,2.84055306692152,3.33685937811035,8.09066455242243,0.903662135830362,1.55992913940002,1.39622453774961,1.7940812384179,1.564609635299,1.15606083864428,1.48079532517668,1.0359721893942,1.32161310023431,158.621369303647,128.310582116468,85.0392443589109,75.1913770240622,65.3900804734251,130.362399748688,88.3491576974852,76.7618334489919,35.3717590477044,43.6709952292859
38.6765380265273,35.5986288321388,40.9452667971291,25.9692735615368,46.2812746351154,18.1248474986789,75.363149774019,83.2296380928416,48.9038688859229,25.3340281971746,2.75377185211756,3.52730306637247,2.93281126902328,3.67042018340069,4.82793422145824,2.70618039407393,2.15569050117204,1.73340712752664,1.50425850677162,1.66929328592888,0.0,99.1691541183261,96.700148873748,68.8484030132491,102.749874815004,67.8970844724814,68.0307989497797,69.743759640055,52.8718836938694,45.3090477699859,49.2856551847012,24.1638010458341,12.3347924560232,14.6574203365579,19.1435771020737,10.1967099840603,6.05621950392294,4.1714296608967,12.5480073537188,3.15239787762592,2.71869844363466,8.06441860540757,0.946255821911943,1.65428119905315,1.40555768225943,1.52989767780987,1.95766606621166,1.41869661645914,1.20651936267443,0.988893365676778,1.37516488493935,157.748189491835,129.330062099553,84.6013874241932,74.1865929638659,65.485009384401,132.498470554952,88.5419505446598,74.0718356393526,35.4109835389245,42.1115328229392
37.4956813314341,35.9786124765319,40.3597443333949,25.9982720968316,46.7337394810265,16.7471714667081,75.2895508967143,85.5911639830272,53.8628544137589,23.9269476240477,2.71632364291684,3.34302193533484,2.95067277907603,4.86762934823542,4.78012651587028,2.83492501449122,2.22967397102528,1.5992535871779,1.9563378837014,1.59415818956466,0.0,99.23954108109,80.9108926765898,53.3008245500307,102.725122251572,62.9041857998302,47.7414623163877,82.4279129375303,53.5180910291317,49.9426600663308,50.3924388741148,24.7939632629374,12.2443219788912,13.9555446741995,19.4169227644176,10.7814221855888,5.10453138408939,4.27488904966623,12.8934092805571,3.10609590275954,2.68666706919092,8.12027423822326,0.808735197527238,1.65740461192766,1.402095608214,1.38638027724656,1.21042287691462,1.37780349178588,0.914697524439667,1.01968944513509,1.46007863651556,154.471555694362,129.852105802065,83.7321335157119,73.766806097554,70.6885053084023,134.509908792537,86.5710259790537,75.4273207502538,40.4112217834184,43.3312755018514
39.3513776293599,35.3539733133922,39.7553771430083,26.1283048122964,50.6052170385803,16.8238577463713,75.6729102735453,85.3347870286776,54.1040817708681,24.215013787533,2.77023677107587,3.76001118091135,2.9723392357773,4.67792211587099,4.45059904126025,2.81392992920564,2.16700182549946,1.95123957928903,1.8506940308039,1.42216962973797,0.0,104.450181696709,80.4377283708011,51.6620642075222,93.9240379168321,53.2272097430344,52.5815044219313,74.1318182259045,54.1859171998044,95.50120881243,50.2604427806024,24.6265928281724,13.4167566780392,14.159956493545,20.0639931248635,10.715792175843,5.22880031419577,4.1292131050342,13.0774271164579,2.9129442313431,2.48720419430392,8.26926250938791,0.781888416676995,1.40488575389916,1.39421210960215,1.68385010574297,1.25473425310934,1.63335760122635,0.456003726012845,0.954765743475234,1.46569911953354,157.987506875262,131.249539155262,84.1651134972921,72.508993838466,68.4616488573737,136.078332136407,91.2480363670357,77.7028463908605,44.110677847602,41.8469771581976
37.025429376063,38.2685036007503,40.3031393526558,26.0718487573393,52.4639680240207,16.8024187814251,76.2489737528593,83.1224217837357,56.4805962780686,24.2770616393918,2.69908510340407,3.57297968384412,2.90452951734804,5.17859980197431,4.46529432227372,2.84134270815986,2.00328986882577,1.99678325456974,1.83328097653213,1.27178832251491,0.0,102.915364804941,64.9220314382871,47.5612073118294,103.927332820697,52.4100172396229,50.7653211976622,74.1756522102006,48.3012822158925,59.6584928125098,49.3501195400539,24.4816039258277,10.8825681567523,14.4942320310091,21.8091396775133,11.002647971024,7.02148800806355,4.16851941287832,11.7295302880673,2.95501660689706,2.55047543922649,8.09630204898906,0.85753449919165,1.36531082066499,1.41053512180287,1.68800061815733,1.87012737584829,1.39801287533608,0.614009649287283,1.01059606196158,1.4816295994122,157.677273476028,130.458148650301,82.3839787270951,67.7770699981946,66.7537129399037,137.21317979557,91.1212451069446,80.8909672486534,44.078341910019,40.5395533267166
37.2452286935191,39.3998187917007,39.7612985297553,24.4434019722176,52.8947268151407,21.3647447309505,76.0470233124416,90.401138615376,57.6307787481618,24.332989374034,2.76368447963779,3.40380292955714,2.92499193360136,5.21429866741831,4.43578663378966,2.71146463444816,2.04301619219513,1.86828510172653,1.82940954734404,1.56530286004638,0.0,108.975800218834,67.7802883911487,48.884669162474,91.6091652403359,56.7000302934224,63.4043253252969,80.5372381362469,55.57917760379,59.3439264068262,46.7773524548423,24.677018674194,12.028002905398,14.5377983184169,25.49491802679,10.7748644458451,7.03684030412298,4.39486470552871,12.1474495084869,2.91923837548624,6.94513845406644,8.21299884895092,0.829895485851805,1.54620689606621,1.40146305515624,1.46537517546367,1.55522482453291,1.40161417056349,0.426145749243,0.909944182788603,1.44655312473582,156.570537633344,131.753753267884,85.7677345951558,62.818963418085,68.7893208552852,132.788373387727,88.5527599929297,80.3232416612586,44.0229454255018,39.3499502963193
34.2568295093238,39.9254813918676,40.8367990231735,24.106251091701,49.4460236736687,23.2467007946268,76.0133421599369,77.6707601366032,61.3947625307882,24.0873409353607,2.79871525430552,2.8852874608165,2.95171075813356,5.68431490229626,4.24441295866401,2.74815210151154,2.24032400999591,1.80212965717501,1.7958906591733,1.70734806247242,0.0,94.7182331058319,73.5012282001844,55.3810203775843,102.359911680941,61.6893624377596,76.0112571873644,79.9229246607904,58.5334778914397,64.9718265431778,48.8978458592276,25.7381906278236,12.5146743586952,15.6252761211636,22.2598227553412,10.4087370993803,8.18648882680838,3.79325066253789,12.0350466070918,4.49720046750601,6.89587984445949,8.10991561923452,0.854325492132653,1.61040682763346,1.37991662411965,1.4467360776043,1.60149622948175,1.41020063391047,0.254815744585334,0.949908535552076,1.35691525238564,156.41167215442,129.159939784664,84.7010558814803,62.5515849994299,74.1749242626641,131.964405734245,87.5281788135419,77.4176768344644,43.9259298002528,40.4424732483424
31.1064310567765,39.3331354417728,40.1022931602903,24.4244381049395,48.9592326557186,23.811676871544,77.7810885062708,84.0264813583663,60.3012188549108,25.306720335716,2.69619069441523,3.03761533926131,2.81475370539644,5.42858319918759,4.04119892177025,2.70188913459126,2.25658269117485,2.09070509285929,1.74114319574213,1.63847923156416,0.0,104.195851985252,75.5717774518276,58.1988459340344,105.047545953445,59.2185752107629,74.4513362917355,70.6614510446527,60.4277284678632,65.6307130166009,48.873863925677,24.6799843726559,13.9514592857132,16.0901044637114,21.3794670535128,9.46136837683943,7.64937459023253,3.2338305313649,8.02389465277335,6.28459125546372,6.11835067307745,8.14211412627123,0.809049021198495,1.62278605348005,1.40915996930807,1.35092868052526,1.99896226702951,1.4850982118483,0.178248193506347,1.0145424117921,1.39635232246997,155.463535433237,127.474251792055,85.4270534419376,58.5413679481205,75.2142299904295,122.17548078236,86.6945129178473,78.2327364068691,43.8450821437953,34.0775303609106
31.3422936067312,38.6702391983722,39.444143254803,25.4413175043277,43.9575607568292,23.7992818519536,76.8217265632121,74.3004412728494,61.4183714786548,25.0759205299262,2.73439242834654,3.2877224013224,2.77201287874684,5.42234345350527,4.31886711635243,2.74109994743552,2.026717639803,2.13492409934306,1.76465118979757,1.31612869739888,0.0,109.608175217695,88.1341646362409,55.3967299722825,102.774258604023,48.4004258161779,56.0827866421899,79.0434959514363,59.2420855256619,44.3225424006683,47.3184742800399,26.1535079193395,13.7741511060713,15.1598045290564,22.7437688971571,9.45216580047395,7.68249861612442,3.28269482331567,8.21416438122722,6.7466876031802,6.27736420414697,8.18065504010518,0.810740282379239,1.61582917528887,1.40783033377796,1.46732857498964,1.32753793956828,1.36527583989343,0.262585503595171,0.89375808769287,1.39971413864865,150.817174337326,127.007512655115,85.8435158453504,53.851629471727,77.8048017133878,126.756144734548,84.8411919902385,77.7429803020963,43.7965743311707,32.3580845557157
33.458857093403,39.3825070240399,38.1253024281913,26.168108523424,42.837360067885,23.7709913244747,81.7596002440234,68.2620055750627,62.0289514071083,25.2583543686882,2.69169042005376,3.2811567126684,2.87243018474776,5.73493643521334,4.23339937906794,2.60737049458324,2.12859484561,2.22755298422666,1.63803541445475,1.29111945985112,0.0,113.305542032327,91.0561021920153,49.0420767854816,98.5378435725877,57.6295962707526,79.7852981961945,65.0164696095037,55.6519855260222,32.8090856342883,46.8001171032388,25.3409702614767,13.3147829690062,14.4894200799689,19.0893617660253,10.0090148407582,7.92609085829495,4.22709250681802,7.43796225156949,6.73602851425563,6.54524352697452,8.19019922891224,0.890121296571968,1.61738340491999,1.40217886016149,1.43905825219629,1.35346189277711,1.29168944198159,0.33426257314576,0.942756436426843,1.19241871200711,151.501719138887,123.970197705912,81.9804040190279,50.8662249840833,78.5630967592796,122.100883247989,82.4211092203545,74.4650404743463,43.7549512841889,35.359098235294
31.0236705583344,38.9415822172464,37.5363654136597,25.9868004170893,43.4497677856538,23.2703145642708,79.2457428101415,64.9172896777397,63.2839449433759,25.0453370336863,2.67420845709513,3.20224953708512,2.8913688126494,5.87222641944706,4.26909725269072,2.70093500257409,2.11112583736243,2.33099198802638,1.55027763825877,1.30282977859803,0.0,104.486284235706,94.5584481940103,45.0660211285778,115.255198767098,63.219943733832,70.2789202836227,72.207291862182,52.5808637206385,47.4036654419959,44.9666603194305,25.5558750625567,14.2535879702093,14.6347449198386,15.8349257567542,9.81758764151542,8.36604615212475,3.65486342999378,7.48122586704554,4.08918868800602,8.46906878854258,8.02025556823593,0.817874223524366,1.31626518494691,1.37509553374775,1.31744619988161,1.92155400810929,1.34258790655374,0.234630555303874,1.00110024351258,1.11114036667895,149.972702899611,119.577334535457,80.2157892684046,48.3760786764219,78.8954311107186,103.543045553869,84.0068791218859,74.0465260689751,40.382025494281,34.8892251872129
29.9689876919688,38.2062330926404,37.1226161441053,25.7950806896111,43.2432658315425,23.5728131008719,76.1588684057492,62.1455125038564,65.6024001241273,24.4747987008832,2.75127560594426,3.4203073840353,2.80849247534053,5.32356195061915,3.78671944636221,2.86417397496499,2.05390788459221,2.21129460822348,1.56688890425332,1.33728436616997,0.0,107.810116993393,98.6924185234813,51.6479515366492,90.7733191725049,67.5015433354982,104.616198786253,67.8181649169594,60.0880198197932,39.4182828880138,46.1948177879224,25.2288094255292,15.4049352234894,13.5040451900612,17.1608254597966,9.46137405310938,7.59266059677239,3.32778680663732,7.09075851194887,5.11406995901491,5.80288354765153,8.18253923339805,0.791083884891928,0.788499656707698,1.40994187538307,1.6765730066262,1.85073687423119,1.53643306249931,0.17422364718535,0.963696895214414,1.10515654140041,149.555083391703,110.431538857684,80.8655295044474,46.2891609769732,81.6076883198291,96.5026564977111,82.3142012610957,69.1706970769672,38.4219170908121,35.573560149907
31.4769051796398,37.5243834800087,34.6587972846812,27.1441978835549,43.2121554798314,24.4590538277611,77.2832257109242,57.3680580132644,64.3689287437241,24.3451209658888,2.77217527802813,3.36522789700542,2.84570620274519,5.57638914342129,3.47820239211976,2.74348343116508,1.89536625381052,2.34407363694409,1.67374518993221,1.5900839710833,0.0,100.668934633204,96.3097009984744,44.7520637927172,117.168718416973,73.1310997218469,162.009415479795,64.5111766416635,56.2404142664178,38.0302087327981,50.0067171951218,25.9359933768551,15.4551271522573,12.3178226290212,17.8020817634152,8.60299544946711,8.27125964607792,3.54472645894235,5.92363549541876,7.03894580354657,4.84065734109964,8.41961036145418,0.884845078496194,0.788041145386196,1.39983805526624,1.20329186495761,1.32428932571538,1.40018212567752,0.132726079777757,0.907659331869051,1.07949484574982,145.486214484774,103.106525655288,80.0390055765446,40.9386159498113,83.3893775333868,84.571227604036,71.6471962288319,62.0104919804628,25.8790860039286,36.9810796847699
32.3226930254764,37.9451222515495,28.1794884158435,26.4974835249972,37.0562081848038,22.0831324296942,82.2948386499001,59.1841752094387,58.6272272697669,20.3889773923056,2.64420253866346,3.20662017278327,2.84392821824329,4.52879926193409,3.60480582310304,2.79143347072804,2.12036082210507,2.69940041100047,1.65442985307103,1.27062644209835,0.0,104.859076837574,107.256665334234,46.5623047867725,109.492535691536,84.1476465770122,51.4989388721226,63.3146981281927,61.0839951292793,65.9418163485603,48.9634630466095,26.105733501737,14.840371155778,11.5700055570087,17.5566596871247,8.54991750363967,8.09935051468764,3.91857713361618,2.54398820081551,3.56758659857566,8.77575361046132,8.50522101239728,0.852991503992278,0.84464471821473,1.35809158287242,1.12797413629139,1.39121836590832,1.31545457709162,0.10119502073968,0.964227168616019,0.947684536679186,142.827083130292,101.693966935841,80.2278859481232,38.8764685446156,82.0791289338322,74.0278311836732,63.458906168751,52.3440230835798,25.2165601233217,33.3237198121006
31.0130116227366,35.0599122768314,26.3929180948103,25.777415162183,35.0521466517943,23.9637134933639,80.9801463828786,55.11833571248,58.5077474718329,20.20553232307,2.67144196252657,3.44239766120423,2.90553484259913,4.39537095652288,3.59327628284763,2.85239242056605,2.0610258650799,2.61782622814676,1.44327029057812,1.07353534486434,19.2999137848453,104.84827874189,101.466565369073,56.684780354485,104.658065485397,74.7001833371859,58.8867464760087,68.5207674547569,60.8541511965876,93.6212251732367,47.9354205679916,25.3016456736019,14.9219392770563,11.6195734928104,17.2422313801352,8.90678545000436,8.04422905064237,4.84156850449723,2.34673450740095,4.65628941514606,6.31192579118054,8.58356156800732,0.69905271741567,0.96399747807981,1.2710629709047,1.50671233086859,1.61076890341461,1.2167391754487,0.0278578721798757,0.960544124431739,0.974350764122136,140.289924310303,97.8296273263126,80.4280739369183,29.5328298907182,82.4633019694863,67.5806427976115,57.9868661156424,46.3259218384644,20.9724365772713,31.0502720523587
33.009415929147,36.9350136041468,24.8984512907973,25.8316895765047,32.5639545012381,20.7717876968684,81.4657477035573,56.4138231454255,56.2497341553839,19.7801065397881,2.74218915024456,3.47699654350542,2.8154403203414,4.19785032440509,3.4481292587267,2.58649491612572,2.08690025302228,2.87265085734063,1.41326290730279,1.18591496086752,96.4995689242265,102.08257183769,79.0210512493283,51.9441069621414,124.265569112204,91.7894672419644,64.1450242985727,87.700956873349,59.7714077292988,78.4828760793988,46.6410531386815,25.8950326804607,17.3156524060832,10.5126133888155,20.1822479248856,8.61109194664907,8.14046251724563,5.71292022311443,2.10336799423579,4.33070323226869,3.82687577184093,8.29635330497839,0.703755277522147,1.67066979352483,1.39103909040776,1.44561364115684,1.08339050397915,1.31027041911736,0.0280487810757967,0.979834619952094,0.962165309624732,130.610048041865,81.7303588523705,78.351223833931,27.2290214703454,80.8993947389094,54.7979828066757,52.9569581437469,32.9990625513262,1.22897209864413,26.4183628607816
32.5179840420342,38.7148034075695,24.8966072966478,26.2765177036293,29.0391358808869,26.0264903586851,78.7885968118642,56.2601419923477,52.3864799865413,22.1418260334902,2.67099410183832,3.70036170974676,2.84400916611392,4.67344949043348,2.03102165563249,2.63549054888145,1.81426259857471,3.13616872326599,1.23235337333288,1.1568693237446,154.399310278762,105.888097709745,129.118869274364,66.3262127101729,153.250086149862,99.0267330980747,127.816337660498,93.1338572541923,68.3755272816786,99.0590664720399,50.6547416080175,28.2425594657333,21.591588697038,10.4454496875498,22.4282544999992,9.60974216713034,8.28391113627317,6.80681269918802,3.56751816290165,5.72265923750794,6.99064248575846,8.86581669111275,0.801092066758713,1.63039117076309,1.38366201571181,1.45594467988622,0.932853088174493,1.1349652628323,0.0964758599211921,0.956047359599416,0.663120484286692,130.56271655981,65.0751850425287,76.7056649918164,17.4318275403204,77.5435752722876,41.8856016549951,43.6535528464286,19.6971831989445,0.979964102399488,17.4970598593661
29.7317625931795,39.6359088807189,23.759547965045,26.4608468060722,20.405375097462,31.5477442913062,78.9134727890232,54.6961590442038,47.6823816974716,21.2340140174355,2.87748760323753,3.31016569055302,2.97563388277686,4.86059956354269,1.56350165929844,2.60720774434983,1.97994446478647,3.13503653645099,1.14797111571315,1.0650854247672,231.598965418143,102.024086242092,118.024185090238,75.0220408195165,118.859695098499,96.6056962371993,155.688487024378,88.3341023800215,80.3789527361413,111.942899212515,51.7552250044737,26.9301434749327,23.2099815781864,9.73419298201583,17.169710363409,9.51130539225836,7.71313735130481,7.54156867404132,3.78409973717721,15.4775580316049,7.28713481729794,8.81882003596886,0.96328096721032,1.74957178098162,1.3973725555552,1.0569975175608,1.92181380423429,1.09604678554735,0.0577679685886888,0.941888089317655,0.349971099051371,130.13838655689,63.8059453542122,74.8807296843977,16.8293438885664,81.167853907079,38.7567702105681,41.4843170010167,16.3445952310492,0.998950487793682,11.4627419346359
26.9790784980006,36.1792145282713,19.3335153511316,24.9256993378024,17.8704390501982,28.3654381237629,80.4993851501136,46.3126647414665,49.8026612486143,18.9638499440925,2.89261426544814,3.42443445895848,2.98132840144435,3.09059562141252,1.606431492741,2.72248453118249,2.00591956073002,3.2061310752203,1.15808415215571,0.884351717812064,231.598965418143,104.896675470319,149.764187230357,62.8152539762599,125.633953142943,95.3986626700366,239.397055233041,107.370359181685,76.080803573958,112.7183996994,53.1230003926361,27.9923730458281,24.9176559600909,9.46614291332602,15.679589281316,9.55600205084368,8.99950762484353,8.24292980999439,3.90252386399407,9.98829383092204,10.9222059484619,8.81534901264425,1.02462727652676,1.66976807544622,1.38747147132553,1.47911965085164,0.76169444459398,1.25827466458043,0.0277102790343634,0.940301511055913,0.224182926261323,128.329733834657,60.4850304897307,74.8370504850668,14.7290208202784,83.7804082350741,31.7288525899892,39.6944794720083,16.1027563022058,0.834439932104069,10.5820555767845
25.8899234635016,35.6620536371293,15.8194342796598,23.8995626141513,13.3347329738468,29.0063639080741,84.0030846297389,46.4624507224065,49.3712852699914,20.7093326184451,2.82686043982766,3.23182722525939,2.81579711658252,2.52971217832314,1.50795071386459,2.79153170680555,1.85655680812729,2.94511426198648,0.930406402275384,0.603582556027125,231.598965418143,113.784027505099,185.129784090512,73.5478076068388,126.187626725931,110.617047896543,227.241168536177,100.300700014726,74.7768758419306,93.13028742998,50.0152613845595,28.4144551083531,23.3364675494727,8.4564185953445,13.8695731712472,9.39135451667115,8.50046651120597,8.45132679809221,2.33246415445681,9.6681387168675,7.38811343195787,8.91915807238965,0.933337442008134,1.66963755177341,1.3995394407845,1.33462303282532,0.630597040882045,1.1211287998407,0.112976808514814,0.971840479868235,0.132925806584229,130.511065634995,57.8706724202758,74.4387374957631,14.1069098453234,82.5989160445414,32.800019203695,36.8271889983397,16.1888838563667,0.769762563773987,10.664895283418
26.0283258079126,38.1034469593369,14.6514054654872,22.033822370865,9.67875511214653,27.3890577480056,82.7405278610133,38.783509981384,48.7139339484923,19.4808084426554,2.81590261584315,3.19511654194998,2.77308401515083,2.47421234601458,1.41618166168798,2.60889951669922,1.76855236599298,2.77324917627275,0.891326052068999,0.590569213074143,231.598965418143,108.252759936932,179.214476972256,88.5320866325948,116.984114779611,101.410860901399,162.739506542933,108.769253710417,75.6879752665598,129.098560802721,47.7206319941596,27.6444605444629,21.3228097464583,8.67015701450217,12.4908112893001,9.108348148045,8.24803381427883,9.02818597169507,3.24910464138339,11.9401698300422,8.85670079053152,9.01829963672346,1.09051040881253,1.75383212615222,1.39716674502226,1.12318598964285,1.26033177808864,1.13601379333994,0.117820292707859,0.987614404581713,0.133516893885526,132.228211994078,52.2590312468138,73.0465773359396,13.3634841651619,81.1744742684241,28.4735293394457,34.3717002911701,17.1409417907105,0.753593191173888,10.3311240423269
24.6527330279049,37.2316329903292,14.5073790976118,21.8368321355491,8.05521518739984,31.044891749842,80.1078289958997,34.9998412316226,39.2823491866474,19.3712413034602,2.82289074404448,3.17299377119188,2.74831947515773,2.38185749179834,1.24189759267427,2.49069368342884,1.70056761400592,2.50195670606266,0.690241470601233,0.430848501407068,231.598965418143,108.838390184902,190.826683982598,81.9441678212138,119.457496855235,98.9493123218469,197.197545787534,100.534902162742,86.3655906648158,120.640329372637,47.4163451294731,26.0051670880354,19.8674359203578,7.93039676681713,12.8646839976669,10.1347022890361,9.8923197027169,9.57690915688502,1.91505978087707,11.4080878814369,9.39712502491123,8.57049136320359,1.04566174851836,1.8268830855627,1.39472977161545,1.37007678103573,0.553726533600078,1.04738692250823,0.110379092046252,0.916693541462583,0.134246401282433,131.384747834808,50.0617722232293,71.3348302612332,14.2330231574147,80.6110819329935,25.9726797696661,33.0843459330072,17.9912496542213,0.714369859621791,10.1058847305305
24.541526484405,38.9598537017086,14.5409191368345,20.722978614604,7.75233621866805,30.9040733897944,78.7757335305528,28.02292371783,38.0939696643698,20.3202884271338,2.78531520025743,2.89531094343195,2.7269202303529,1.65771188963593,1.06918630798069,2.42650988028784,1.58236780032742,2.47343449877583,0.674698685981537,0.321703199155476,231.598965418143,104.331320612938,210.292722277629,116.057191807647,121.228347926266,95.4083731192378,199.89479260885,107.615361134369,86.5732671781137,97.9181687690159,52.703121487142,27.0173622313953,19.2953473159561,7.20043778938958,13.2758895487659,10.0487848632363,10.9304977581583,9.50529733517255,2.05775841367731,13.2784816357499,7.40566516055333,8.69272286127713,0.97006472299604,1.78839404397866,1.39423302177114,1.10396359409347,1.14865034338786,1.08218848723007,0.210659578547274,0.906790710101678,0.136368273087041,129.676375561746,48.7199223662693,72.9204415934283,14.4749015874484,83.1206762220625,26.273521918027,34.9874701062883,17.8396369829337,0.705085134408749,9.41446173986408
21.1330987337504,38.1356154165218,14.6956874481206,20.8089747087647,7.1483731115353,27.3516182947018,76.6232180173421,27.3953763515514,37.4797472493267,19.6311419394672,2.82636983927407,2.5386748890664,2.68555872184966,1.56433858761087,0.940001952179797,2.26983505541334,1.44199343519356,2.37629461260276,0.669318086360729,0.319706127067307,231.598965418143,106.27518047272,177.137677659588,104.699408869111,126.876989151447,100.307332338933,127.192771255371,107.77049004034,76.3825723722428,112.760250285262,59.2524327546472,26.3798488784935,17.1376752491312,7.36405706420857,12.5930466636967,9.06280023207238,10.4250780429739,9.8155285593316,1.63912046656943,12.4955034893548,5.29642141295628,8.89142871940831,1.12868707248803,1.73159439572394,1.39520898148291,0.967264643996343,0.874151353790601,0.905837981894686,0.0366710394533374,0.923859068321282,0.134722219884257,126.31683135604,44.864872795827,75.2241134743416,17.8391264381555,81.3284543713584,23.7212765351272,34.7983026863691,16.1275323242268,0.705085134408749,9.3737227642346
20.6530303720824,40.6541842762075,12.8682283329468,20.4503101562704,7.31453390944807,29.410008441252,77.0089021012155,23.0664081301914,32.6999311864579,21.871879987279,2.72553004794945,2.27791469050071,2.60998209719424,1.32873645127491,1.03335198264572,2.08874023398006,1.57955047873585,2.42973555756538,0.6371585120652,0.307781475753966,231.598965418143,111.528308148808,173.116977227374,159.141323077732,101.287976135996,95.1945906489196,218.123396579936,86.5744549222522,79.4186913853311,84.6043050234556,55.0040885240149,26.2352774566484,15.0308872135577,7.63332917888737,12.4810001618641,7.46551147846431,10.6319095402331,9.78692992440003,3.01528951814334,13.1698013908807,2.95008875008661,8.81047251761303,0.962085841711387,1.74139358939655,1.38848264832007,1.16160001902494,0.385234571128724,0.866751177289583,0.0269969371610832,0.872834505124859,0.0905040698776048,125.825793825788,43.5604480488263,70.6668695661593,18.345637120608,80.1274449688615,23.7861219787808,35.5097062984247,14.130260752709,0.665861802856651,9.36479825707058
19.7708453092751,39.5954245055256,12.7224785763913,20.3644541988291,6.89801858763445,28.1063560912754,76.9044276134118,17.7435200127268,23.5775831204259,21.2817603555542,2.79572970457562,2.04706980749792,2.40865537401881,0.930186832129949,1.01686943025047,2.11676739277658,1.57563646227029,2.25150930436337,0.588150168739017,0.404855018623915,231.598965418143,108.524456713787,152.871824431794,121.56656789636,112.258977092805,113.93342997065,104.554876764879,101.978096496081,82.0722585192254,83.9103079543926,53.9580484868357,25.3132764117684,13.3984286279751,8.14428673627899,11.644526070343,6.93590612306008,9.73906895893962,9.59768625803391,2.24481896916771,8.86492082287888,4.84824855870314,9.08128545704476,1.06981677618012,1.79998657249081,1.39288125336899,1.30316049528224,0.867277048530841,0.708098470438808,0.0265126659059465,0.875651491018155,0.0902842098155834,125.331139230097,41.636810714787,69.5236522780685,18.1712758530706,78.0130002002503,23.5286990350048,34.5871056643426,14.6441419490965,0.656577077643609,9.70391177570228
19.6250945761571,40.4241884254996,14.4743695759698,19.764910250653,5.03415126916177,27.7640860701094,76.1238631565586,14.1427449100792,18.1516774586765,19.8122994110356,2.95809384487089,2.0041406988478,2.41872071148991,0.78951676503499,0.767844523345694,1.77645726506892,1.47742495141202,1.9673799209372,0.577233589258622,0.302334540459431,231.598965418143,111.652748578272,175.796413013566,127.904281874207,97.2524133991208,98.9047869313021,103.288987118721,91.9718826469094,91.7733575007825,82.1191228990238,51.8341568890972,26.5167483026998,13.8150826581764,8.0541245591881,11.4342070239972,7.07188901277467,9.79809789397754,10.0019289637683,2.04398109751668,10.921311966462,6.35259654004372,8.8488517722172,0.928640470429047,1.65376429234986,1.38701021342218,1.35183964542942,0.201618610562342,0.954008747371692,0.102448216372779,0.893292755693119,0.0895644489695302,123.931893857548,40.5914124577091,70.6302526227059,20.3700420330309,75.1605559790613,20.1707969422733,35.7371397630588,21.0969264381255,0.672746450243708,9.67002987864265
19.6091089803776,40.1756229946249,14.1571780461344,19.0441177667415,5.16578222071821,25.6575079350478,76.8447104500406,9.48953974869396,18.4425639728222,18.100863367705,2.81533772025051,1.66316490651118,2.27326620753085,0.527648245352504,0.647907071308261,1.61674559041907,1.44375562684983,2.06232367840986,0.596711889976246,0.352479072217778,231.598965418143,104.924255060113,134.453864504017,143.866960556405,100.897418763652,105.185143731518,126.327394303804,98.5046424007725,92.7322646035482,161.517540541716,58.4893382735992,26.639503560819,12.8455728817489,7.35155370634852,11.7228215625946,7.33291338514311,9.25886573732289,10.2825085744021,1.55965912931409,8.69979428476461,3.58357933657708,8.60418020369656,0.957871669622197,1.62159360971311,1.39057977799988,0.737200389550377,0.224566899833811,0.84994466750196,0.0284725338765444,0.859719607330995,0.0917701697217093,122.00996875801,38.3906246257602,68.0714806434816,24.5752241727314,70.3763895849449,18.5246411913494,39.5826291680713,22.9044730736247,0.656577077643609,10.0325881528887
20.4923926760027,38.2151539911205,13.5056084629442,18.8268204024224,4.88342272229926,24.6624625201389,76.2053530251118,9.71757435671671,16.8346472170954,16.8185188791583,2.67223877643887,1.38978265753874,2.18845966405042,0.484596907134331,0.563625679999629,1.6448785231344,1.35783066761063,1.85658855785054,0.591197226643574,0.276786694396162,231.598965418143,113.336131265671,130.020874033482,119.174637969026,117.913748200788,109.418204026631,104.795212701947,88.4723299188352,81.7795979362562,69.7000704311493,53.32147744306,26.0596511008615,12.234774144741,7.4183488162783,11.3367603615033,6.62371185554269,8.65258102443031,9.83900805325886,1.41700136861389,8.67718222254225,7.06973730973437,8.43061959227632,1.03171708164241,1.65086075861086,1.34695002021109,0.950696346778044,1.26032552961494,0.960024440629027,0.0276672493117246,0.821559972462935,0.0900843826348963,130.259089811899,41.050422102442,67.6550048123344,32.9628039176195,79.1552514238855,22.2296354790522,41.1103280703082,38.0528007873744,3.02489661420987,18.200376511562
18.6927434974851,34.0691202799116,13.0359516003495,18.9113589770449,4.75227056102831,25.3437794179243,78.6019464203477,9.66612812844364,16.1865241385146,16.84806209219,2.67898364904101,1.40364928336392,2.19123711442881,0.410774731253915,0.509578551071237,1.53592203312622,1.31781463326184,1.7094979799332,0.660138872488434,0.254751888643858,231.598965418143,111.128973798941,136.462749510165,124.252576314376,82.8512618137212,119.880227567365,69.5006400115865,94.7503279544069,80.275749977538,80.6388340833296,50.0662191481396,26.2601475756787,10.0107122760246,7.43822009460617,11.8190047209666,7.03399240352133,8.67738076992024,9.9617106990695,1.7595113479685,8.46559102034056,3.88931825083296,8.43919738100231,1.06057303290937,1.60210514667686,1.39529586502195,0.959990550860813,0.199856777967523,0.688169203904564,0.0330219866184799,0.81626218229421,0.087193685351326,138.2268157845,52.8094134656338,67.2165668229278,45.285262201203,85.2128852895324,20.8782649766878,42.491281877869,43.4991765337765,6.78391542268696,21.2892446835533
18.3232505757985,28.0488414425632,12.1588442963554,17.3323389499718,4.64999187401636,25.1823204327781,76.2999506818137,8.60371923359876,15.3008678289713,16.4200636770598,2.67649721426844,1.2695297205215,2.14758262969737,0.364220796411527,0.466219399228952,1.38749845892836,1.31631107806312,1.6468665524833,0.656482958422851,0.241277512853843,231.598965418143,113.881604897501,153.675698087573,127.706838759328,88.8442815783217,99.7257782628317,70.3547064162988,81.7148465325642,86.2040730869816,87.5410047251995,44.7186119800333,26.7482981245444,9.5905672911654,7.55704938807902,9.99766663435091,7.23094288808546,8.48388637081728,10.2515058865581,1.82719859549185,8.39186707688956,2.92468121646571,8.4857013603983,0.928600461886833,1.47578682637021,1.34616959423853,0.918310118501591,0.212890287293386,0.788662925739614,0.0986566771243129,0.852954867798681,0.0865117415040557,137.188295029881,49.7970514583897,65.2106112513725,59.0267766407727,86.1945673599234,18.4081638200731,41.6948663713692,44.2525217200364,17.5757573693337,22.6008264740293
18.1918470107177,26.0367281517028,11.6401097968075,15.9776311798295,4.92906230991959,26.4971026656204,76.3720274643845,6.91424963629596,12.6637384561766,14.8347082007377,2.6180705671199,1.19085924688795,2.14451035664555,0.309874556136586,0.458559803290822,1.30402200874403,1.19665441633615,1.69199588681842,0.636733753182074,0.251645697213537,231.598965418143,111.584536176051,140.227168082489,115.04180338174,76.9332178790639,101.510506286962,69.5858997770579,82.0116268054673,79.6506847931165,96.8736748744121,45.5775975741899,26.33937829444,10.4109884799907,7.37859161118398,9.39867615722831,6.93485753899801,7.9647587078398,11.5779925571122,1.9918524401278,8.31135693908807,2.90059359871409,8.61962371461404,1.06781710072122,1.34865686061069,1.27902473946975,0.985943841950656,0.824840009167171,0.681431167251302,0.0288383373170295,0.761022546751278,0.0874148214294964,135.419882183545,46.9416426986188,63.4536300456906,67.1629666030636,80.8013902220563,16.9837687508708,42.1531256575186,46.8094609355842,24.4214448869058,22.0789214433928
17.5441468123116,23.3868243304523,12.0504743007207,16.0451966098397,4.52613951746778,23.833082633365,70.9917364230617,7.66629556884303,9.70275658473432,13.1309901750221,2.54839746075199,1.2029044769592,2.03642131347958,0.319163228925003,0.756297069273107,1.24290794569603,1.19379953523777,1.48268823765555,0.603642278923578,0.263760715259321,231.598965418143,109.871532639096,146.473558207962,115.313133337307,83.0862312957201,116.57117959969,61.2328449825269,90.0591463222282,80.4598368912691,96.7074002165083,49.1481387054566,26.5979791436797,9.51045359461452,7.85467932346256,8.3158578854665,7.76501220256069,7.89192001836065,11.8261966770659,2.13809026729735,8.57829720544955,2.33210493964748,8.30362596378784,1.72496645122632,1.30347389552958,1.24634597660843,0.844782901799126,0.19726639437479,0.875836252053012,0.0280178382504281,0.810186895840226,0.0874591520234194,139.29715294545,45.5974440257348,65.2469261928719,70.867859312769,76.4885070322746,13.5731591534931,39.9668412280785,49.2280957074175,26.7498296585075,21.2036064997397
17.114006917679,18.3098040425311,12.3715502299886,15.6125047132418,4.73930590032186,28.8331549228718,72.3817676797009,7.03498094485601,6.97239276782977,12.036717281612,2.46596353674402,1.14242004109748,1.9695820692295,0.273040576574472,0.359589034212351,1.15621097570451,1.10671644924388,1.32164525282127,0.616026647003481,0.258747745619155,231.598965418143,113.53067801825,125.080771015033,117.944294831593,83.2428248012975,114.294089027618,63.2377147298938,97.927022284625,78.0275795714295,91.7165450008847,50.7494123842143,26.330638303558,9.86173120138117,7.48055005379738,8.13623653426648,6.76629427882733,6.99796780368405,11.5277733151099,1.95155442011685,8.47662721500596,3.46359211455164,8.57961436368467,1.86815865649913,1.04184633450438,0.54891372328136,0.56465914909385,0.64486587736809,0.911492362310268,0.0273931810492224,0.816620122943808,0.0897295032796464,142.983270874834,45.6629197339106,65.5521925510774,74.9317490937083,76.1378742188746,12.6546931937323,38.3647159798254,49.0135405310855,31.8884527185727,20.8179336471872
16.9230071609074,14.1760017461755,11.7713527173562,14.8784143777043,4.63201506728987,22.4615096287671,73.2743727865033,6.74879324512483,5.86537966668664,12.0445309413173,2.61314495404136,1.02898851857797,1.87155950794373,0.295559621396257,0.339400355848391,1.08092635084673,1.22803332051714,1.36227259236657,0.605617773178086,0.286955139312849,231.598965418143,102.04271551452,116.582732211974,125.391972552559,97.5362184523208,114.238222084359,68.2092222893022,90.1307332361618,75.7014872904612,74.997211046612,52.9661480979966,26.7370785192209,9.55951442693554,7.70233138126584,7.38761195181817,6.19461518220742,8.57894582610308,12.1590787818096,1.76754470713766,7.75644155373227,4.08758596571929,8.20096224393074,1.82456748055588,1.08728941614503,0.511693921096663,1.0180727155082,0.799775778991267,0.528267260077807,0.161811277612029,0.779368355445933,0.0835173397749907,146.294996225132,44.3121393349355,65.5764130101239,76.2938693364625,73.7985541445105,12.8321781945598,42.2402385727813,48.7357349883802,31.9074390467465,20.3276108920224
17.9905801640533,11.3717304009944,12.0440635340885,14.9697893781407,3.84439790654556,18.3049578511017,73.8034880234055,6.61027174482943,5.44791944054112,11.8052696486706,2.47352978990724,1.05510066895583,1.85988024083052,0.309635821907027,0.302140541181756,1.04537601444568,1.41358421160289,1.21824880196674,0.603117803860504,0.289517555220553,231.598965418143,110.642363326185,155.404206995593,130.357798593423,80.7778592295637,109.330293504328,67.5398529057418,90.1091912440131,76.8959394367482,53.8357351325637,49.2809430265066,26.8232694435761,10.2151321348452,7.66896510682085,6.66404831483032,5.69863704181928,8.81602830216625,11.604211309055,1.47484326752642,7.74050838604776,4.42231917533644,8.39104862632704,1.78245379779874,0.561175758521543,0.417106215658649,0.962809314402915,0.175877714649314,0.721707203648462,0.124675378257498,0.761989938653567,0.0872015474418582,149.889521136702,44.9465703058023,63.4076185709631,77.3124909211085,70.3081384251018,12.9398387478147,45.4304338934701,48.1079893813001,31.9401949062055,19.2109307133747
18.4098975488686,9.99605708509761,11.9522758139235,14.7686231174143,4.52570534388172,19.0506153253663,72.8240080382584,7.54976784306673,4.86711831319429,9.84309867982602,2.60937232550594,1.07570367586761,1.83975174026563,0.282275582774784,0.306401836219385,1.070262388232,1.32385976073189,1.20778141831854,0.675256577790455,0.284261535974831,231.598965418143,101.857415954306,127.390064712047,130.141700083069,75.0354554313088,102.162292296531,55.309562400418,76.0238084568731,82.4832612040322,60.1908779433873,50.1041512769776,25.998936740894,7.71765648139278,7.55306367001025,6.53886323170195,5.52996717611091,8.19373321211079,11.2957508369803,1.59612603999424,8.47020192156111,3.99461444698957,8.22335419492963,1.84927294610763,0.590961263707444,0.403589344376247,0.710972211394181,0.18136163866698,0.862677630202049,0.079655221881662,0.774997109403942,0.0829970036590904,150.899133321911,44.2476932898482,61.204132237182,78.5057326233901,68.0719973671158,12.3174038557083,44.6410895921276,48.4158785422467,31.8589292809969,16.5987685972946
17.8814381957585,7.36862778177675,11.4841610655939,15.0986580311,3.97301457586104,19.0187666924017,70.8385876796544,6.38801081847487,5.20548027236045,9.8927410140475,2.57580051985821,1.01026626792035,1.88252021583918,0.39079277942738,0.298470843662188,1.01015960136245,1.32013263390245,1.18532954601964,0.657209673462825,0.247328373813514,231.598965418143,106.057174247526,107.213299977866,144.683041609623,61.74991688101,118.52801272605,66.800591676604,76.2232176362015,80.6577919690377,51.6763925003431,50.5698685612953,25.306275739863,7.6497496131485,7.80470413055057,5.81698978038621,6.0904431545301,8.25357690550987,11.3640071896941,1.3182689942594,7.93799729228265,3.75161075161558,8.19331751483397,1.66669735116678,0.524189814369931,0.319365295040659,0.827938542587796,0.742308978376929,0.70239643682821,0.0268354434384898,0.765092538541201,0.0819726449790419,152.264879541237,43.9077023832138,61.096983799407,78.2484871393314,64.1454750181696,12.4089196485515,44.3577921060488,49.6108100638686,31.8007202964725,14.9361477434175
17.3444724949516,6.12493289058259,11.8141978103343,15.1148738514899,3.27596688881592,14.3689915237086,69.1688639778316,6.69271824790876,5.30141503768073,10.1403071773393,2.57906330650831,0.965262139570627,1.89928794544647,0.420747673425467,0.291021341208435,0.952550230161002,1.20326823120768,1.16019577005847,0.584850059093333,0.233790435634501,231.598965418143,108.697787157811,116.897677401837,126.458467179545,67.8612319334834,97.7524192575956,73.3340274558565,69.7561893275326,81.3280339111903,52.8968141900404,48.3032919052199,25.8042148026376,7.41853645552865,7.89069400508621,5.76268068670143,5.15713578862198,8.23307910125667,11.1274593206041,1.65973219533439,4.01689904031559,4.49735921995918,8.19100695285659,1.43116921464438,0.387019355324924,0.352205929503093,0.630558825724262,0.175279327448456,0.972584727254379,0.0282699793812121,0.718721295342284,0.0814098303046157,149.309189348103,41.8262675023827,61.0044540140132,72.4904882231841,65.8076313334713,11.8029239349541,45.6735402783715,52.5794494757857,31.8427613122054,14.9973376849808
19.1913296815071,5.18424460789135,12.6042800894986,15.0633582262439,2.64280106853099,13.0855557265629,68.8350994498703,6.48979466295516,5.13610727474517,10.0815983757894,2.69518964162479,1.03156139438488,1.78715799373347,0.314312166947044,0.29584818224454,0.832568224369793,1.17949841923738,1.14788140548347,0.528658656548393,0.253375698549052,231.598965418143,113.160369791378,116.080032872059,133.826680423115,73.6402079972974,102.649404844482,61.080168896376,72.2320047527625,78.0443659483524,49.3752520778505,46.6364379043148,25.4743228104202,6.09295090832653,7.84448086689634,5.62997411101135,5.01219455473775,8.98180065331666,11.2979051340149,1.36329181759134,3.95445488285664,3.39004386081092,8.41595037329861,1.52955145590947,0.269000823408315,0.404978427399463,0.824575246306676,0.225805854770848,0.565505836353431,0.0290644837314983,0.733209880787301,0.0746416098612824,148.348008071222,36.1885545972864,57.0574898925537,72.8341880531679,60.991962131657,11.4544292896561,44.851194328995,53.667178482484,31.8658140466396,14.4172129276323
