COM-Tipo1,COM-Tipo2,COM-Tipo3,COM-Tipo4,COM-Tipo5,COM-Tipo6,COM-Tipo7,COM-Tipo8,COM-Tipo9,COM-Tipo10,IND-Tipo1,IND-Tipo2,IND-Tipo3,IND-Tipo4,IND-Tipo5,IND-Tipo6,IND-Tipo7,IND-Tipo8,IND-Tipo9,IND-Tipo10,IP-Tipo1,RES-Tipo1,RES-Tipo2,RES-Tipo3,RES-Tipo4,RES-Tipo5,RES-Tipo6,RES-Tipo7,RES-Tipo8,RES-Tipo9,RES-Tipo10,RUR-Tipo1,RUR-Tipo2,RUR-Tipo3,RUR-Tipo4,RUR-Tipo5,RUR-Tipo6,RUR-Tipo7,RUR-Tipo8,RUR-Tipo9,RUR-Tipo10,SP-Tipo1,SP-Tipo2,SP-Tipo3,SP-Tipo4,SP-Tipo5,SP-Tipo6,SP-Tipo7,SP-Tipo8,SP-Tipo9,SP-Tipo10
70.9593184541568,5.59602074816378,2.74354858945897,16.2506591352351,4.57009667099804,11.2355626757346,17.0317222493172,1.85455191925827,18.9923208914941,8.84969535476873,2.02977643171558,0.953855836916956,1.29457764672637,0.415097111034831,0.319414689937475,0.82720777779331,1.27271063995898,0.893327802883055,0.587579169631159,0.251737778277412,231.598965418143000,97.9721834173562,99.5307328530266,150.25742197068,108.754995531731,90.3258401694043,86.9014363211996,67.2844256601079,83.7539188555531,52.2165975622367,51.8055140668831,24.4281851596625,8.69440315057989,5.56897762745728,2.55262308533595,4.79575322400285,10.7753609058428,10.7310293595893,2.86858690536349,3.89823960769517,4.78658440008128,9.53003976722682,1.52145584488522,0.678644122229364,0.27154245705084,0.920427656810398,0.601341389957915,0.966361567885599,0.0305196819507588,0.866057283903937,0.0833007470009561
70.4670871285636,5.82861506384991,3.45249056748498,17.1039148766152,4.53049161404618,11.1533320234864,16.926746907019,2.17002576720061,17.246152181982,9.06843180600879,2.055889909608,0.903911592010638,1.31951431729283,0.414521189537313,0.325237689507751,0.815247474321676,1.42727998096352,0.890669134540292,0.588435355487791,0.24045767533771,231.598965418143000,103.611564510718,101.272716492468,155.608321130968,82.2302316634722,84.9503388363091,53.8600850318119,70.1989969439229,77.6815897649235,50.5225870672398,50.3813107003067,24.44941923106,6.6247096135283,5.11365676051323,2.65334401908385,4.76870662165698,10.5543574714984,10.5395388668848,2.95591346517884,3.46222822284901,4.03670656741804,9.59236246727854,1.58775791864415,0.678036593732977,0.199821819935136,0.891778061581785,0.216721802346217,1.030417517529,0.097114857894652,0.520092219432463,0.0827110272685367
70.9039458952986,5.98568978689018,3.10792515522522,16.5361868465598,5.64630207469788,12.0563459438151,16.837822590188,1.98554718965933,13.2240751364042,9.95348430047044,2.07561303757999,0.978125427601863,1.42292641603451,0.447326708385587,0.396966654352175,0.815924922549712,1.34452043441843,0.842763002139969,0.598994955621607,0.232033777196252,231.598965418143000,101.694045104991,98.681579534243,145.369306745106,91.3354910464927,88.2311366819647,56.0791173306731,48.3050311630293,71.4233090755076,72.1491339033024,50.6789706118801,22.9653113330063,7.43614240146668,5.48932117319072,2.91525855875458,5.44573758612952,10.4409725754016,10.4894598836819,2.90182257219383,3.06582163830073,2.33026692681597,9.41753270616394,1.4928870754568,0.715984491519061,0.308931392380626,0.815765722366879,0.19576775966102,0.875025457277574,0.0269131897351164,0.719992382902726,0.0826813699066527
69.7180574619001,5.72622454517239,2.88199428790465,15.8860133815403,6.08820017861516,11.6416743109751,16.3264009568859,2.24757639623313,14.5136082236181,8.59866508013224,2.02777742366867,0.928506656459484,1.40617248418632,0.41670013374293,0.356893546414008,0.804498592736717,1.31870055849639,0.812263343659063,0.569104279186729,0.243492549100003,231.598965418143000,101.324684143742,82.3753591046171,122.629476829993,69.3038082248315,89.1613340679853,129.247194103235,63.0452430505528,67.2099987193239,67.1793792735783,52.5435740020777,23.5598302979568,7.09463998339355,5.22411432065397,3.36141460911683,4.96435952922066,10.4015889054912,10.5192048810031,2.70139190853882,3.40494998984511,2.81963918597734,9.33818659639295,1.616569104438,0.851547375047707,0.30176685120387,0.64280655896501,0.204674015733856,1.12537049877232,0.0906478434236281,0.573477469724946,0.084354150784019
68.7949899526084,6.5939396066899,3.29301861619229,16.3919446583708,6.3700665740044,12.2395201085084,16.3323499315237,1.91280372007361,13.1623670062267,8.34615604572306,2.11888549566426,0.984629184649835,1.40136077796062,0.427346062615942,0.319910152322409,0.814408343975393,1.25527706261727,0.904462480035838,0.537981432728116,0.258209676883271,231.598965418143000,98.7614268241383,101.772937316763,122.927249168324,89.1377571637309,99.865086123909,50.541859650213,58.8144452066077,71.5395174493218,35.0290881937679,50.2566788645936,23.7097674428557,7.24988446358565,5.13144415921586,3.39893816574547,4.53138021857378,10.8431084694565,10.6945536488787,2.65921543751817,3.50288951126228,3.51145472796139,8.69961946280015,1.47240821026591,0.852515103209576,0.221964307750341,0.931116971882713,0.190819220977367,1.04127492341025,0.0293727692748139,0.603694722318144,0.0834742508649437
70.9898427462948,5.65498791153136,3.16190777190762,16.8020597726344,5.94132829070662,12.3351067178516,16.136337235275,2.1019249673148,13.48260675385,8.95382560428953,2.14723209718874,1.01129549606294,1.41159456863716,0.387636303614693,0.2971766337904,0.756064567304795,1.31644221208768,0.792568726732558,0.516682667042637,0.208025649659389,231.598965418143000,99.613207401218,96.6859652800235,126.520956315174,62.2320594582669,96.5917849823415,51.3120133353498,51.8945350628166,70.519785883775,30.8112135980905,45.2114813639116,24.2495149193728,7.65515462186504,5.34109936426483,3.23974502154924,4.87757387825886,9.89789624121604,10.3728097285541,2.54743271439166,3.0070534759872,2.37421375319241,7.77794472819187,1.55373520823971,0.50178372655097,0.244552502379704,1.08912391919468,0.616015072131125,0.736851409624049,0.101662796917131,0.816442846344481,0.0849308833804767
70.2872536316109,5.61554304134784,3.38209144300322,15.9684497833012,5.47854572624038,11.3438724907051,16.7587779120761,1.98717630954016,10.1683412961256,9.14068095186169,2.13061753529597,0.933945437839152,1.42054675844605,0.360381791671219,0.305147910024904,0.770106386905051,1.1817498534151,0.798818783540911,0.576247360380779,0.216100113924961,231.598965418143000,103.804018611934,83.3985068078531,118.245279694332,74.4992137330555,87.8413402959478,47.3517648073237,55.1389530257252,72.3073204264551,32.8948708666778,48.227796666098,23.9174421408609,6.89202482365078,4.91050883248147,3.38778852578968,5.04672101603629,10.0137628269498,10.2739172651718,2.93255961975943,3.25863009374935,2.24398124537364,7.67317720295009,1.47058980523763,0.0076233386601371,0.300386815449863,0.601946126245104,0.576745902120886,0.557852859881732,0.0296615429409599,0.544874780010735,0.0849004516351002
70.6051460891839,5.42010720362239,3.21258958062137,15.0660535387568,6.14674471930006,11.3906457148054,16.6152888977189,2.05370896366654,12.4545510848772,9.07488309998492,2.07951486227389,0.971448220095356,1.3616420687265,0.368790106298537,0.320828960245224,0.762653849859823,1.3566337453873,0.823347029756858,0.455761970986287,0.242560115079453,231.598965418143000,104.164361995075,70.0848681599487,128.197812513327,70.9544440861174,78.3043309137046,37.4945768520486,65.8035496862116,70.7180102486525,35.1346727272692,43.7874620793661,24.2609092073264,7.50740588693355,5.09881396118039,3.06768012175295,4.81939906926079,9.67901884462681,10.8994021747995,2.77793451674945,3.67793063141002,2.80260619521329,7.65455815130859,1.74045404478242,0.007903098793301,0.248172197172282,0.834619511373827,0.182792260670968,0.747626749928578,0.0470615269275199,0.485985166077184,0.0837117996769885
71.1867627911807,5.41945963587027,3.40103064444866,16.2326522992116,6.26592385805288,11.1740364303236,16.4645252251238,1.98407914155662,11.3517212456254,9.44754069453828,2.10224703850939,0.955726278230394,1.23630247738157,0.329851670927307,0.325079990886863,0.768414999840061,1.32008386681582,0.757106246618434,0.438131196697137,0.270837109827519,231.598965418143000,108.208441455567,94.7881206789483,111.699671918031,77.8609181947764,80.7475157237589,43.6168460136943,44.5832880056676,68.5030903307653,32.8057996845872,44.8620475266501,23.5391113022809,6.90810910581028,5.62949487246571,3.16748168573516,4.74057585175031,10.3075879219636,10.6993621209147,2.84517222314758,4.19709061250512,2.27161955308562,7.69546933094279,1.60561798671007,0.0072116342073582,0.193326114919303,0.962920558597044,0.164012777908609,0.719840142159857,0.277527976799904,0.776086373246223,0.0830645085373334
70.1235754081729,5.78916286944761,2.74843650986196,15.3609246339151,5.84495673873265,10.9905826330606,15.779860915213,2.12432374061514,9.4536280969111,9.5157080532623,2.10191581599705,0.950128481205694,1.22031325114092,0.367308940510274,0.305297394649447,0.781240552888433,1.32927354821672,0.777911699500748,0.471523963355201,0.267900521733793,231.598965418143000,104.412518000487,74.0617232553276,115.386536291276,66.1004628936849,75.2725014513898,39.5432776769123,58.2128924733157,69.9815071371855,35.5762403839449,44.348885418199,26.49980329412,6.96982938721615,6.46167826275647,3.07016693738979,5.04032630120699,10.5021205291513,10.541065478326,2.68283005566198,3.0625285624952,2.25335893161538,7.68508931530363,1.06547645222854,0.0081782471067946,0.310324716661461,0.860953837288951,0.172978317233962,0.609297825576553,0.349196975494707,0.515451915181146,0.0791565040411328
67.934872272719,6.3014125362009,3.48369277329197,16.001121536387,4.39863065150231,10.7920103664872,15.1798970451599,2.15324915579236,10.9372544467708,8.14455832747501,2.0987112263646,0.997788695348306,1.24621405204542,0.342976374422873,0.320106640689885,0.769960760846537,1.30654992453193,0.76743350881591,0.474003020503752,0.249497597455883,231.598965418143000,99.2042537276379,70.9121608830685,111.405411542584,64.8179372612284,79.735108010738,38.6502778616256,50.1689574292047,62.7519986663152,34.9129630108715,41.055710741511,26.6940214481594,6.90732597701385,6.53171218441915,2.76463250808865,5.37191244638197,9.50188284517345,10.956295489562,2.71399940001255,2.98627283479898,1.71677148951215,7.83452237233113,1.70357341678579,0.0073310917421682,0.293375320155463,0.871741518138299,0.174799239485425,0.577557929043457,0.267402256865181,0.708792463006577,0.0830363122044032
67.398048051405,6.00795237549749,3.12971071593718,15.239536205601,4.34706648804802,11.3212092520715,15.6709033951613,1.95557901935018,10.0018159657403,7.83097605058662,2.14971486985219,0.944946295420679,1.54030517340118,0.346029048515109,0.321629704725965,0.72414874833377,1.24678536395843,0.767038813559952,0.52597529185716,0.24649335952531,231.598965418143000,110.753718062312,68.9762255838197,114.613480994816,60.271692884648,75.9824368749163,46.2628966604805,54.5638211908232,62.803211190637,27.8228085283977,43.4544521922703,26.4212850387903,6.77856856696063,5.47412341052897,2.68619283552846,4.72654191516356,9.91401135471481,11.1947425287146,2.88537549608501,2.99829615111956,1.57375564029207,7.8446140119118,1.75379889251189,0.0080351559743032,0.192344716403278,0.674931198208878,0.158022874625648,0.606455189660579,0.504346459878689,0.434902100687455,0.0814571039372799
67.9364668772188,4.93232584448108,2.53418953770828,15.3198584716096,4.40704189116651,9.68412635851008,15.387412671151,2.0383388769232,11.1770479049473,8.81198405087767,2.07616600080037,0.997597052599712,1.44060022392068,0.364431384376005,0.301959997294125,0.697872695683995,1.18266477034696,0.747934772766381,0.483726439052078,0.255344751687652,231.598965418143000,101.44006524705,70.4304311476077,107.704627857841,73.6598426408168,71.8891911547469,42.1791808932969,63.2477557455007,64.191168585599,26.9410537539843,43.6905403266109,25.3768589970461,6.42133409873346,6.06384321512016,2.69424167474027,4.75543580768537,10.3659552358587,11.2548116249624,2.78267540760367,3.58901735577885,2.27606310352474,7.69264330000056,1.67077710858104,0.0074183100208711,0.256322437354794,0.586839548440798,0.237653193599002,0.984448053477691,0.680242955235044,0.410552843912859,0.0835672779735146
67.2107488561744,4.90846109827335,3.40295154289534,15.4641636480801,4.34193535399031,10.9169335238222,15.2428469966324,1.95373362139215,9.06694913998609,8.51897330729067,1.96402623768665,1.20710696462766,1.28496088710656,0.315975205806429,0.298087980642693,0.764909854044566,1.23108606994964,0.761459395745466,0.478846358197095,0.256489713922949,231.598965418143000,94.9290108154134,69.0587900367961,102.837066587308,60.7251458867613,74.1245067024802,45.5605319309101,63.4502010576362,60.3249548474427,39.7459940385468,43.5079518259631,26.5303852666009,7.26692365084902,5.30332269673181,3.01404406946173,4.92950039577833,9.81397991419732,11.2370306177855,2.81054836499124,3.85886671049065,3.16839104287346,8.0801132063876,1.79804144322795,0.0082171577017234,0.449866109898253,0.663386795914172,0.525794100455181,0.784670128158333,0.706337512005651,0.61926677326599,0.0849247874946589
65.1738665222269,6.14986508064309,2.84768360353667,15.0120495101785,4.38129817766464,10.4385930369183,15.1306704824248,1.99689188575844,11.3554085015024,8.65687479720714,2.03997633643854,1.37592905127446,1.31841450962609,0.329503799169849,0.290601714046467,0.759833911386092,1.35054921972648,0.740494541933721,0.497968122072994,0.56982353649404,231.598965418143000,112.336591716689,76.1937527925046,112.534534221216,71.5421267022468,85.0466512140654,38.1461757125698,50.7134002993182,68.6046611313637,29.8691859050844,42.3374408417424,27.4956549304095,6.40942177771377,5.38671719219941,3.17712045369179,4.23113773416854,9.37920693276324,10.8537925522794,2.90194456622142,3.04462606483079,2.73814604639403,8.00544131352433,1.68915119180991,0.0074910207088317,0.603866441485077,0.841533970134287,0.173603734185721,0.678821410958236,0.753368693972151,0.352938109348574,0.0837484932475027
63.0647117269967,5.50093281130824,3.15252907923587,16.5430205868268,4.24272174572835,10.5041945997316,15.4636975836248,2.07515073622989,9.9747144031109,9.63455534386902,1.9565260703345,1.47794362813563,1.34632972995343,0.315249364808909,0.299362720300921,0.773491404076874,1.23124405944118,0.752580253569694,0.490018224831068,0.690341820020886,231.598965418143000,104.126090632839,74.5777880737344,95.6970779527024,71.8022969898643,76.4257629239228,43.0636835162161,52.0163456094723,68.3823707264905,30.8130602014807,39.6106147968472,26.7292360503781,8.02676003041181,5.71692512911187,2.91109745996603,4.98835760839142,9.0525570672509,11.2935418524416,2.66360432334142,3.19107399743506,1.45852238590404,8.19110667565248,1.72490442425298,0.0975694848115186,0.57918954698573,0.481165471884396,0.15587424820516,0.674842300509817,1.19046946775906,0.485206189689484,0.082822273370015
63.5988970322825,5.55590558989112,3.29785165454545,16.0460391391406,4.23520766183015,10.3224533879261,15.2384942134085,1.98429889863775,8.47501676411197,8.72988041279021,2.05665297108113,1.45688588645159,1.34688239944213,0.357120186861939,0.486540410386005,0.818311683104008,1.28972691233552,1.12771278575008,0.48157194395488,0.671577512328693,231.598965418143000,96.4062184543553,63.2941612629953,91.8968844780991,70.9416746769607,71.0007905215808,36.5748041333677,43.3678573437934,66.8769067399432,33.7400783846873,40.0718146251184,26.4149407390038,7.72970526272684,5.56064739040509,2.98702422340447,5.11993809299465,9.52137771966484,11.3319922947438,2.77171187529716,3.32108505443176,1.67413592727096,7.96093730726028,1.77528100775693,0.183867388259419,0.678200821147912,0.69622663744117,0.585076643439283,0.867640581526252,1.10914096673504,0.557783592613471,0.0825315972727482
62.5593551572002,6.82092827812318,2.93668717070372,16.3287361619752,6.23619172595287,9.01434776034032,15.2046426507468,2.18613257880098,10.6297043964737,8.29317032769654,2.00317413854776,1.63318592365513,1.36527123032193,0.332091719188115,0.498022635046999,0.945592257139561,1.27811836970495,1.37455731293107,0.487060293507549,0.882944041208104,231.598965418143000,105.955600761381,65.8125321080705,96.9734347619278,77.9401884583056,64.6557023982392,38.1155894089139,55.8796356415791,68.1013397211371,33.1291528334191,41.0332104974109,24.4555037041671,7.16050437387875,5.96024605091927,2.39224954211121,4.7418347629764,9.18724292928148,10.9751270339261,2.82268877726776,3.84110230487749,1.7314564271237,7.81952433761745,1.7377370192095,0.10813395909629,0.655346299751489,0.722874340715452,0.176710841853126,0.688442687162419,1.20972215200268,0.514768031560447,0.0825835782415195
64.202236390633,9.15282453712477,2.78165365784776,15.2360231440608,6.89595648435312,8.80957423030952,14.2824009471232,1.85528489045318,9.12709098597647,8.89241129735557,2.02818764092678,1.78235508801378,1.29988881123213,0.600835378130566,0.486326547027304,0.897376764255486,1.50697064190773,1.42565289824609,0.449343636448551,0.777120031614715,231.598965418143000,101.329649964046,61.976382029528,92.9585312047033,67.0921558850634,63.5165578690402,39.4435517325728,46.7103622205879,68.5375653062892,26.6349423501165,38.9857384551988,24.1320843076442,6.96917164895864,5.83675703572664,2.01495273833681,4.77335029875887,9.20641150980338,11.4718758500306,2.84725913736471,3.43593924995381,2.16559059930635,7.79609474353931,1.70782440831932,0.0082918419291413,0.571921119301105,0.513100459651845,0.238354476052751,0.562958766976287,0.972956329406844,0.691622939022336,0.0836358605036622
63.2599485443355,8.66438672961607,3.18212365335183,16.3007029587163,6.64034968686762,9.87948671100567,14.5405615928875,2.16830277524903,11.1405167768432,8.708755290619,2.04075706758823,2.29438578926818,1.38088537647866,0.932884159089091,0.516326668550027,0.81776619668978,1.61446160924643,1.42299603044032,0.428192804713279,0.715735941423881,231.598965418143000,99.2630170331961,67.5799378055719,93.2887766875072,75.1872044544731,66.1798878202997,47.3199006716389,57.3332376897432,58.6221699383991,29.5251279070466,38.3602676311296,23.8954121709669,6.8260314253397,5.16385860749475,2.17443448538341,5.06004944719966,9.07090234448913,11.4932706270065,2.84212464601746,3.41606470624484,2.32304133271368,8.00779167068911,1.72460703047428,0.0073948729098878,0.75793058980869,0.915478545206938,0.31422612161263,0.79010523978993,1.33411828087918,0.426909295747548,0.0808262579564237
63.5466398298845,8.35737479577664,3.50038979104139,15.4040412112695,6.97861468787292,8.63198493502771,15.3107854735194,1.84937629057144,11.4439380429408,7.90944266473094,1.96113561287725,2.91125019332702,1.42756820421111,1.17469668606018,0.499082649701837,0.897348691900159,1.64154436350317,1.30351585185601,0.468700034708393,0.656805319394027,231.598965418143000,98.1912456728211,57.2894139593534,91.5107688782084,77.1174903396696,63.2051740805383,42.4020027617922,52.3480677768438,66.2859918240149,32.3170987882503,38.614052908993,24.8961519912123,6.34628924091609,5.27163736303942,2.5040410790964,5.16663874953119,8.52092519192112,11.6042576957772,2.88750790438511,3.5406352110806,2.08745050257403,8.03725881653646,1.78776663313246,0.0081710445714145,0.823415098122231,1.09113966612854,0.195995719993719,0.787472065071935,1.2595826642816,0.638690874734332,0.0815583364591138
61.5061581306855,8.57626676459557,3.18760748287631,16.5839768858505,6.55560290606734,8.52804029341796,15.5236719491456,2.12281870520756,10.9830501012864,8.65889200913084,1.9892521576542,2.99608800969357,1.44512416466242,1.5147355022642,0.506043454182136,0.900422967667911,1.69842229706974,1.09031763135543,0.456149177992006,0.673650109695696,231.598965418143000,99.2391010176142,68.5391903673214,100.178148135064,101.187208924263,72.6885992343623,36.4248687698681,58.4364901291631,64.6290301570763,24.9772000130132,38.5784127723384,25.3356764378423,5.97292421300294,5.09743759541679,2.38962162462675,5.07400782225737,9.14959509934346,11.5355638430309,3.44950942613022,3.16246111079345,1.82423649381287,7.90345762098687,1.78786126813582,0.007407478784765,0.731905756401054,0.775507546381108,0.178481205302545,0.797890139928236,1.49451053420921,0.493995388923625,0.0794318393343844
59.4251324859802,8.64464739541534,3.4531996472308,16.5923948546408,4.72050296749279,8.75810956941918,14.9530518292326,1.93178144233222,10.5859973650149,8.48832743312086,2.03455160840267,2.84858057694532,1.55590499537063,1.38878893468861,0.567485626949708,0.983990653960736,1.7932098045527,1.33278920350249,0.467942313811088,0.771004255955956,173.699224063608000,98.7187125297816,58.5070431685869,87.1513742327369,66.6145333273296,80.7289224620737,44.6718693653714,45.7115765778549,66.6875830708505,32.1690386078528,39.2179855250932,25.2018882809563,5.79883066706405,5.4319183330914,2.31165236244841,4.9183531476379,8.8770458237773,11.0208045275451,3.68416412949153,3.70811297617573,1.38429866748314,7.94769759269954,1.73311795519112,0.0082370294717139,0.708517067631847,0.594235036679194,1.30083953825551,0.672771126028438,1.30001791736997,0.585397482345788,0.0776328720947103
61.3541846192174,6.90939793644369,2.41327941902775,15.3182212645706,4.73273180361077,8.9932862673198,15.3931514407097,2.08550574726567,9.7593906716137,6.64377047850993,2.00510118615019,3.10536486177169,1.50060164666117,1.20041460466778,0.812636949362578,1.01148418242135,1.76237422766743,1.55503049133893,0.456572410996326,0.634724445453232,96.499568924226500,104.709200983352,62.7602435393472,88.274733849855,84.7182981873129,70.1140926472007,54.1916937500869,48.2131922960072,67.2275557261283,39.9828752179299,43.031579268227,25.3596053946934,5.7132153901056,7.12732243515604,2.50456633910694,5.19324171781099,8.62679855181679,11.0603909562596,3.68418469834071,3.38893390589469,1.79770777480616,7.99362276796958,1.72826154072494,0.0074100779643338,0.808427939169323,0.655969193877224,1.9456897963467,0.745454997145901,1.49064287394856,0.360409689348177,0.0751261374163743
59.0715037001115,9.19483280758908,2.67565500392961,14.245317328782,6.41408901989338,7.68622711801049,15.4973491951136,2.15840076714509,10.9348772494938,7.68871622324699,2.01913170280319,3.01700962772936,1.54955933081101,1.0430307642322,0.808192375299559,1.06921410567783,1.91562435489177,1.37974208126596,0.463967758103918,0.469519092118987,77.199655139381200,100.60681109816,66.1084270049986,79.7923681119532,69.0272196022826,67.9493951413325,45.4080067999591,49.6381483481291,63.6975180127573,45.3784945624634,40.1316149179795,26.7360741246152,6.52904650905837,7.68423774055138,2.67949711626707,5.16777729942024,7.60069557051229,10.5232781234924,3.50253015149444,3.40334296457955,2.11221545802231,8.20305399768919,1.72702348844059,0.0074209896071002,0.788876740102925,0.457140822936948,1.94788942502776,0.717445561480887,1.54835698136988,0.577970602965717,0.0692721300916979
58.9604863655969,10.9925013037241,3.16668870149588,13.9901431332273,8.18108933350887,7.77547705740162,15.8334302514063,1.88513750595221,8.45139872200697,10.3845130500878,2.06104892110866,2.87473354839593,1.63649719891897,1.06555397398786,0.76625681593085,1.1808828948541,1.97554920140441,1.39519493058885,0.596932486275177,0.410686866383915,0.00000,101.973618346675,70.0837944294818,87.8364784490327,78.1316988339373,80.8667936776457,47.3710336061172,52.5561424835004,67.0824132092997,28.5101832372431,44.868199870389,28.1222094201946,6.52267906168714,7.35321932918312,2.87776552733571,5.11334241989851,7.86000290173788,9.12699225343037,3.65576510242387,3.58085399457827,2.4599038993123,7.85692105603182,1.73215457635009,0.0376024171886092,0.704879603086539,0.980502008822932,1.94981261596813,0.809816954153842,1.63333079153578,0.472626829579096,0.0695615149140278
56.3563940680027,7.82060805432128,2.58819657608269,14.1492628849638,14.8590816139401,7.62608566874863,16.7920459786412,1.84537932705138,9.15678886209487,10.9314327914695,1.89158543130591,3.0064281007171,1.66973643165161,1.34333463680527,0.6892589972926,1.39719764270656,1.88755914067783,1.35660376949816,0.596952017523889,0.470544429270618,0.00000,108.669342455714,62.061489512285,83.011175753863,66.6800460225242,61.0225933959914,108.022433155121,57.5902264588118,70.7085301461305,26.7806207403571,44.0023906678463,26.9016555883003,6.88297027090161,6.62927235323864,2.99447836175892,5.37650473187849,8.66076284876703,9.04547210578842,3.50676590009931,3.72349548463975,2.21171998962625,7.57542012904233,1.83173647878885,0.10049631165669,0.776574650305746,0.776623452067288,0.802262267165236,0.669142067436206,1.67614884283655,0.720317822333821,0.0677112514436952
58.6379861199159,10.0533690665725,4.36036071189691,13.0166875621715,15.1471572378746,7.92374085205508,17.274942221182,1.75544353560619,10.1304568354954,9.81922697561044,2.05856967322526,3.00806906893166,1.74671461413698,1.32263385277173,0.469662783172439,1.4777878015773,1.82352610962162,1.34342728721268,0.537935747916675,0.440124471254428,0.00000,99.93134796461,92.9716603550703,74.3759127689221,79.2604351600301,72.9721663725237,53.5195458020783,61.5018416861441,68.2603724967297,26.3667452985974,42.7315856164234,27.1217819473844,5.68888997650659,6.02259391969006,3.16365457230003,7.07087778223099,8.0072852002487,8.27637903122288,3.46044237219178,3.23299135893944,2.11151962667193,7.88007983742313,1.6377633168705,0.162944702204809,0.849904920743329,0.427741487158501,0.475717340691913,0.687807967356752,1.66506308919244,0.755738230092384,0.0678494045105152
59.1997469868569,7.69973810440315,5.21711482441798,14.7099314667433,14.8391731665794,7.95936853777213,16.4104668752562,1.73938826819552,9.28238798378852,10.2126017333487,1.99172893361394,3.092517229257,1.87496147762908,1.22850791412522,0.751795578023288,1.57058445683558,2.05309472851789,1.35243245171901,0.59044562452028,0.530590274157845,0.00000,98.5636914729318,78.5083766897044,78.5008091543177,89.2717825541146,71.9108730394735,50.9942835995937,78.3937615776061,67.4291953131676,31.3101733445066,43.7771309026269,26.2704198542718,6.16390238658148,5.99635445393964,2.65059559721119,6.62172467277825,8.37795814031207,7.73609005075944,3.74134623974662,3.45354249222496,2.04847868266973,8.47480162562577,1.6266363797575,0.312981799039276,0.815706423706562,0.625564593884598,0.755852892255033,0.819525195913051,1.65328542580513,0.695061842598142,0.0668228409355964
56.6803224142765,6.53796422647869,4.99500768758442,13.2732584862485,14.8591354316893,8.27041761152342,17.0711026205991,1.81382820995732,9.32413358945666,8.46048075330035,2.07067184527884,3.17042512206925,1.98961942523863,0.892653986723413,0.895560632783438,1.60369438278353,2.13697036385658,1.35233527612727,0.661263551979706,0.487729051855787,0.00000,99.7897340732634,82.0566086169098,71.0644862917298,82.4336124004107,67.1893861094978,50.164549989027,62.5578924654928,58.7524105997858,41.3514299792598,43.7255333685401,25.5150601791614,5.70922626074355,6.86221781269888,3.11022801270774,5.69196013855354,8.19687939154314,6.001386308942,3.56604735285614,2.93761121009956,2.03511561905941,8.11472494016345,1.46299832931109,0.448499919691342,0.854796065716082,0.579489828937096,0.357827526189077,0.910478339551761,1.63169358461536,0.641876436652483,0.594727044855118
54.8083521904917,6.70050462489908,8.51111601126315,14.036743597317,16.085731644213,8.68429539059983,18.3593597068303,1.74950464702802,8.11796353975033,9.21425895514281,2.07317242494795,2.97785511218362,1.9929295179464,0.792034994353505,0.94522314324178,1.49679960299707,2.02835010124322,1.30551672910445,0.614571599492,0.485548971585715,0.00000,102.805215513147,74.391161365086,66.6187012045194,74.2851591680112,59.373328628453,68.2057340843525,52.6117313505878,69.8834006310145,38.6787579870015,38.3064924847421,24.5163314064282,6.36430357406852,7.10237515433108,3.88490195640782,6.20052511764289,9.66895695423282,4.58540121867032,3.31995385927958,3.38843115927541,2.49303979654296,8.41213323378244,1.64818999768325,0.862238740311047,0.887348604857885,0.84894464468147,0.377290554733031,0.862536806847324,1.56058514521498,0.827864506948276,0.597780942506059
56.6952198752851,7.70670728168253,5.90308849102447,14.3879528275101,16.5891786375844,8.49221018460425,18.1416907604781,1.96813028894138,11.6052382146097,10.5777813005226,2.12234112287782,3.1536305217362,1.98627411524802,0.942463629091915,0.902046140320895,1.51617839734308,1.91652508115074,1.33258713137226,0.600601995920918,0.411831504369965,0.00000,102.410768004091,63.9072017892353,65.9031674228487,70.5909407908734,63.0890192955912,47.1449278020809,52.8289481470717,68.1085653070616,44.1113817565172,42.7197799523821,24.907668532593,7.77993938109594,7.32503111374607,4.67047621047826,6.2295920143279,9.31046577776739,3.79840592109859,3.23402593161742,6.89695424639457,3.09749891725924,8.08704151234919,1.71087590652584,1.14103298855682,0.822787730638406,1.03561177682094,0.370704856574248,0.646673313235121,1.6211977051989,0.68427384894364,0.590324571703424
56.2242535644419,6.67685220474216,4.0967171216179,14.9695750226709,16.3360294359358,9.25136707909934,18.2995904194354,1.79647760867816,9.99733012587517,10.2527659181108,2.11899482488069,2.61406396032842,2.08081496442205,0.895919819409077,0.831054125348533,1.57472178947904,1.9903604492071,1.16155535477717,0.587698722235581,0.49333697690106,0.00000,98.883662663762,82.9402666963735,81.7718149772858,66.1301634551548,68.3955688465839,43.8817630130342,64.9023328909592,60.7030698980315,55.3312025370978,43.835753827326,23.2482794020691,8.29644410763029,8.61924751823726,5.22411623181744,5.93155616460765,8.3869006458575,3.68837167222273,3.05700259162676,4.47409240304963,5.7591437983168,8.47733875735959,1.72593489598498,1.10401719821582,0.71232052290598,0.837129887180457,0.358362613261467,0.699636068667897,1.59550785708439,0.771881081782841,0.617980888495857
55.5602859099034,9.51002399409209,2.86710616908964,16.1832644815929,14.848376169553,10.8900801911744,19.0378902276493,3.48001057570358,9.03211369060095,9.92943632672277,2.10586826934972,2.61839969917828,2.14619189797754,0.917299951628193,0.821471892551396,1.59770817712355,1.88506808249248,1.22650556488057,0.663878069019228,0.370802225459077,0.00000,102.248912657703,64.4155629943747,71.4637789545851,74.3833135867798,68.1667800286364,100.965358857524,76.95031040833,61.7087515368458,75.5684520123804,36.0403405112831,21.583230023323,6.37077150629522,8.21438727781966,7.99803641263712,5.59409886421248,9.13243689494709,3.06922245642381,3.15865635053228,6.39572776882555,5.24595029410422,8.35395013138797,1.65127674369012,1.0966260778055,0.722568170786705,0.760811197278281,0.340360898819949,0.654478292031125,1.56635339433624,0.830746281655546,0.634287573793388
55.3371482135251,10.6714916815244,4.4629431289213,16.7119788395869,19.4297040722941,10.4833698926009,19.8295115693209,3.14704937721384,10.5545464371303,9.98395890999099,2.13084440295679,2.33546919110031,2.18118357200089,0.869777160515002,0.636220502864964,1.57551650530798,1.87834704411728,1.31311919137173,0.652983645299091,0.422335551071164,0.00000,104.12607561819,65.3274830366781,71.2560061583283,90.179458577871,61.4066224480343,33.1572300275824,90.0213514004212,59.5818714747572,42.196065475786,36.3595961259427,21.9369199146426,7.89566870447521,7.52389376504734,7.4788587160866,5.62238005527287,8.0206440879573,2.30460966783477,3.60899076118948,6.40416710050557,5.74452136070989,8.60088016495639,1.51808025002095,1.16098673781645,0.701573088868397,0.74028263421478,0.337817754766025,0.855137486745783,1.46431659704412,0.846489353099628,0.642149069232905
55.0302149845201,11.06891522926,5.30840365084277,16.0437111361998,25.0412690405029,10.1984656248827,20.0162117655252,3.48708191057622,8.21752860370244,9.50114616354431,2.03062988624915,2.22686108974103,2.0784501193021,0.949415501459156,0.690940513829066,1.66662460019176,1.86768853651928,1.40520558056355,0.659731691729149,0.453380684522206,0.00000,100.849303163153,85.8309817790595,60.9448339661997,77.3601880931389,77.5307278877537,46.2176875388578,80.8686951669001,62.574822824349,37.4419120419628,36.2401569171734,22.7196000873829,7.92904349141778,7.08229543902182,8.06247406809229,6.54993517771278,8.60341817899062,1.95745830544201,3.31687858744526,3.72802725377437,5.9050825908687,8.03234388418606,1.55329492354051,1.1899573855746,0.729603570604231,1.00733007097172,1.17628147555065,1.06951768883242,1.05880717930353,0.763737619199325,0.643466593100018
58.547578648781,12.4242182905429,4.85292871504302,17.5016975933588,27.3332922448096,9.6328881380505,21.2129144079597,2.86253346093792,12.2846702246908,9.37504435630139,2.09093543952379,2.00716003153446,2.25438805020627,0.884874829597793,0.828172835102724,1.73713401784486,1.87577366477036,1.68005973419359,0.62656090991973,0.429049997649922,0.00000,105.798244560492,99.5997901038789,60.8144638797645,87.7432544806947,62.3287329200069,72.9020938628842,74.9922918571678,70.5146292675733,43.194987959339,37.6255800103821,22.9340590266135,8.6434096589665,8.53660393453794,6.03911607858337,6.85489180431303,8.67949148785008,2.21119187526827,3.81278877281128,3.79413376502031,6.0675344461676,8.23443819282964,1.70046001367623,1.41616753719308,0.715716480265249,1.10790232978876,0.339574924847427,0.772480393570886,1.16052261126096,0.81211697993809,0.64210508577641
61.3166577635694,13.1118391129189,3.98069413751271,17.6311977770829,27.6367346290714,10.0037217885034,21.6377681697546,2.53306493824612,10.373049365951,10.4332047617461,2.12091834007368,1.972595725647,2.16334156267928,0.79318701163251,0.825149828862841,1.69351784793023,1.66998698858089,1.42387487559722,0.574867241148049,0.525459705038129,0.00000,92.9613323521592,76.4120347745335,57.60483955693,74.3948387332435,66.1699823027394,109.718503464567,62.0132440289734,58.9205742347369,50.3823612374142,39.0637089140428,23.4760886230506,13.4958798118393,6.84831320580312,5.87244876887055,6.3697508381898,7.28683092323245,3.1013161477667,4.00262366389162,3.22255480421105,6.07755953235964,8.38935886739558,1.64799126722795,1.4755868446943,0.72747428392271,1.00012630559022,0.344195882862871,0.8066730639858,1.29308728429419,0.868171663643622,0.623088657162552
61.6697052506072,15.6786630845294,5.34229577136598,17.9214445436059,27.0309369577209,10.471858601042,21.2370074256529,1.8051789484414,12.2613128027042,9.40322453221724,2.24466309052035,1.96852517690417,2.1597244745999,0.986116429873045,0.688772510889741,1.74187540394581,1.51605682294925,1.34819924429549,0.545105707465887,0.448452645296362,0.00000,101.31489117501,81.3913900512129,73.7420862319773,90.386351765975,71.6156336601223,50.6705350650203,66.2464979276016,61.3030149042755,53.227797511588,48.4443324323098,23.1593558877897,15.4594262334245,8.37708687102144,7.09285935887196,6.92115279555089,8.04406230258314,2.29698131033594,4.0290077295673,6.6327755769174,6.9967516170705,8.14496664547111,1.52055574423814,1.47606859514997,0.7304243762175,1.0439889735195,1.70120941471803,0.968533900502221,1.12009635972504,0.845567020398391,0.593133787058916
56.4708164318305,14.1918214483995,8.71790311781113,17.6812639394314,27.7411042584762,10.1241865717936,21.221536722454,2.20474155716135,11.6584453681841,9.2116230908724,2.15309345544484,2.24424959262281,2.03695236508031,0.957557986540861,0.775941946365245,1.7135998625973,1.70179827340964,1.43545125270256,0.539458964063799,0.399889446594149,0.00000,102.488909483443,84.5704582217587,54.0952575014813,88.760979332378,67.7477145997035,59.208417740078,61.0553309447605,60.5336146065885,58.5947557538782,40.6976064941089,22.855975082229,7.98904798766996,6.57890564647317,8.70642279477724,6.97635378841064,9.38916603994649,2.17018500577471,4.18053147584113,7.59079340913403,4.8110046594591,9.51091585579949,1.77373999223625,1.47265270182651,0.730285914875478,1.10115385612449,2.27832536342947,0.980283174914406,1.110992432729,0.844725376168254,0.598022367050263
58.4239368024873,14.4553144916502,11.1011431804637,16.8301866038234,26.4847117964206,11.6507047980788,21.3815455122808,1.84312983058067,14.5512879112981,8.27605637497808,2.22512378516808,2.07715169562063,2.0060270207449,0.956709236959221,0.884724131422763,1.72432192304756,1.65530276255937,1.33117054363608,0.533441660993761,0.417277255201077,0.00000,97.1291532675068,79.6313418976435,52.619605312976,87.5809522348932,69.4944599578866,127.660083769788,60.068917860599,64.4192396911454,63.4016414874111,43.8148904240433,23.3420216880678,7.65980658162898,6.66192484627393,9.78049139395469,5.31121575609351,9.78538689450054,1.98145833773791,4.06322274369921,5.36073492480179,2.39467310529433,9.96871684283192,1.72656416840332,1.42344454475713,0.705671802257147,1.40773637016127,0.655032329087737,1.14876203008684,1.11351490875454,0.862241823957136,0.591775636668675
57.6291122137301,13.9891991482374,11.5011332946789,17.2576236175837,26.6585170951023,12.2187416049911,22.1803336020335,2.07112723767551,21.7243575256369,10.950587454647,2.2588321722277,2.21676949952508,1.95973441362882,0.943091172976776,0.909468251342738,1.61543797331779,1.37515589229834,1.15424434680586,0.580135764970583,0.454817223123775,0.00000,106.194941459192,75.1796007557563,45.8644820341226,90.8479434399486,54.9300460436794,41.3074390583185,63.7767625804857,60.588266309371,78.8813772993844,47.2109501103116,22.7569593888571,6.94281368725828,7.48678001946896,11.5270889278522,4.75768608251031,8.82213267273576,1.95916649648655,3.65026011239195,5.65050774290392,2.61266273021133,9.9234126619983,1.53030800187877,1.4641818772046,0.715113653114703,1.56018977475835,1.04594331527563,0.964298236421267,1.39456474019351,1.00758821914761,0.583390822020197
61.8962321071579,13.9995735531942,9.52965321324102,16.2232261517056,28.0110793574219,12.3766400737629,22.38845176709,3.54226707624507,23.8349749673584,9.9051523910599,2.11125897028822,2.0587026154162,1.9672982787917,0.637140981148235,0.704492274562709,1.73166155269056,1.4119808563009,1.2134329339066,0.548092477898832,0.372330518967927,0.00000,95.8548468733168,101.633397644163,40.6628732483218,95.978695017625,68.485283934313,46.0817405939121,65.0502733203804,60.5787836433725,59.1171279453205,47.5134471800795,23.3446519983213,8.07956215596354,7.90829929203524,11.0061901542088,5.03832965799264,9.40757003300939,2.04151244985375,3.74793007965096,4.16845647036877,2.49634027286173,9.83037391479051,1.69602376519723,1.45433930279763,0.729449228559358,1.299258395937,0.592165506332225,1.20151516410437,1.17438734115738,0.851604037811997,0.581630118098856
61.2322603022288,13.6934747815906,9.31858958308253,15.7938776389127,25.9029371354387,12.8734004826297,22.7507003039765,5.93945040678652,14.3149080273566,11.9079633137119,2.15868534350387,1.81890355896206,2.036098063684,0.626089159214599,0.849046044633402,1.74036827819069,1.54755514240556,1.23666683435218,0.55887172828672,0.408282737514114,0.00000,100.749663759035,105.845391899275,54.7704064565645,76.9213467853352,59.2560280915548,37.6211097039937,65.7458866003779,55.5559511939197,86.8174207421272,47.001719886079,22.5898937331675,7.97473915014961,8.28016961988265,10.3148218015889,4.78614393984356,9.63729264524597,1.53561533290056,3.89197721709443,4.46518557255568,3.65884048106972,8.65093409516995,1.51568057672147,1.2910151103622,0.7292990031388,1.18669633080268,0.37540345893258,0.770740151684292,1.43511614430885,0.963704066844788,0.597563825211186
58.3162777443559,14.6640750669882,9.76098347557639,19.2547301945053,23.444669789713,12.6580889276462,22.3689981537159,5.84866793564979,16.8976592603957,12.8900606084417,2.1885180746911,1.62365044378459,1.99545567897368,0.65892820543493,0.985538291798143,1.60390423689567,1.6807648046427,1.31065929926098,0.518033779319272,0.446710206141233,0.00000,99.7281820714211,86.7013400538597,43.3284277173996,84.0120441602641,66.9071264664513,62.0244158276593,59.9272782124166,63.5725385207949,67.5870975345629,42.6060509486806,22.6641076668892,8.11204057242878,9.6707220300472,10.8793642323358,4.66564853906952,8.83691105517844,1.432915587742,5.12414652836507,6.22147360552323,2.77908522789429,8.47327503773621,1.4489827510362,1.3018836704175,0.728743467770531,1.51829060767272,0.852847979988534,0.976672022509927,1.63412154770784,0.992491357376581,0.616808086603811
56.6092790789762,12.2154869205274,10.818319387609,16.7946750680092,20.8900293966519,13.317753786754,22.0588243241094,6.25721206601909,15.0266519272404,11.2679564747175,2.15460151198603,1.62433232850526,1.9561637504121,0.789480761447734,0.898052736195778,1.47399466904543,1.49635098318412,1.29011575203156,0.570823723348258,0.427903746047035,0.00000,93.929301710768,102.524284117168,72.8687874054246,80.918084937319,66.4819702782519,52.341844327148,79.4844354037674,59.7838465720498,73.8626839490453,39.3242297875972,22.2012681397964,9.52283546723226,10.852226023843,10.9954106123944,4.46294787097386,8.47808394118812,1.45177240066267,3.8765475894863,5.00988748669571,3.3066237191317,8.62314485860188,1.60668760486276,1.44761118435659,0.726569277575281,1.59024867164938,0.352916465711428,0.945714826462484,1.53983401746928,0.867993654622469,0.589287264034384
60.8908546609497,11.7411481121094,11.2418864367512,17.1989457608581,19.6424974082714,12.6565786126976,22.2163829186119,3.91880214274078,14.9161768290565,11.0078469764048,2.17022234530664,1.61023974673184,1.94517651511361,0.762108056839323,0.798377941895174,1.44792547215594,1.49589782006703,1.77814793115618,0.623194676316003,0.433058252390515,0.00000,94.3506409434078,113.831465188119,48.5184963726059,92.4184838423944,98.6371378839324,67.9361163327627,68.2621317130351,64.1771545475383,54.2000290772204,40.9890869623341,20.9190103390966,9.16389498186132,10.6479864457212,12.1413348534928,4.86894692449463,8.84129710286672,1.53692665807097,3.56304732211627,4.73549406426439,6.31353708890735,8.54618553266406,1.36089791813167,1.46912935611775,0.718163832747364,1.4755984413732,0.84347484028794,1.05528788480299,1.45531166906481,0.996168145457769,0.582615564962081
60.5752144006531,11.453656594623,10.7617969569191,17.5363275984071,20.3988592893254,13.0600559095466,21.7429620179132,3.04540049672346,14.4129666215749,14.4655222858884,2.21399426930036,1.66957165962878,1.86695592395772,0.781742620898084,0.864781868180799,1.48931887152621,1.39634888406501,1.91925754862194,0.672513963225199,0.44828756046838,0.00000,97.5415272902019,108.031639453932,55.3271596904254,109.54139201469,66.0672622101509,54.6734173820321,74.628079943761,66.2303090238222,40.532641284445,41.0893929924269,22.2666865406398,8.92090137159397,9.76298567824107,11.1155972210313,4.65912290382037,9.71116374446959,1.4968715708745,3.71785337911915,5.39449096978348,4.19392851815461,8.87924998625057,1.60726571456484,1.4534112175333,0.726285645435247,1.74055960507801,0.764544013721765,0.842391155440032,1.35219143678744,0.837008488262893,0.591362707161715
60.0750415467016,10.5960923357663,10.0897699761702,19.9411492651666,22.5365705422116,12.018941097445,21.8486368231055,3.54977003648599,19.849781588949,15.3942129641523,2.27836804435266,1.74984193708141,1.91511523016948,0.753281184595713,0.813262094279855,1.44378942506537,1.36474894870964,1.49556520900498,0.570414772569559,0.479590239373632,0.00000,101.597673645204,93.7337598410029,54.9030529407007,91.3459933658097,84.1564070750433,61.7878531602386,58.9434403235629,65.7476921423669,42.6906835168876,42.6117103724986,22.6092955748151,8.2993153870827,10.4460323291945,9.23863409214703,4.95588064675647,10.3133178418217,1.89960985144858,3.65556733324418,5.33492715311413,3.50340748615417,8.63149931257234,1.49932265241374,1.46712477861672,0.712230252452438,1.8523721890619,0.833351612900084,0.856746373355624,1.57689022833977,0.975839289412,0.588414396509242
63.1331102868937,10.4710327343389,10.004044771293,19.9419789770847,20.6517726816467,10.5097324720726,21.4766460986725,3.57029091060744,16.5027204157359,15.5897724133285,2.29695164603259,1.36243855076017,1.85649846615116,0.768167898072602,0.771322100325867,1.40301675319323,1.33088121412635,1.52995487424843,0.550759607239573,0.321326267036164,0.00000,98.0136034612269,113.065963541548,81.9982012988997,98.4376582700338,90.4201894123985,74.9680657829927,64.0541229315489,67.7578294068142,57.2205058784228,46.69772916397,22.0903569911363,8.19367981445135,10.1538351029538,7.75025246635962,5.04536225128717,8.6776711752152,1.49939741945033,3.88401774384841,5.04505820463378,3.03428928733147,8.42036368004452,1.30050355881658,1.46578566737924,0.727625127771218,1.41204542138325,0.708059570066076,0.874208471248893,1.61351159426899,0.96533199642209,0.579753203247881
61.4959200935272,11.2438494799734,7.77942002006694,18.8500003341737,19.9287731054396,11.9899124413005,20.4521133789353,4.00116438678651,17.2595755218899,12.512402037302,2.26859410395708,1.37070769618051,1.79955887182205,0.784277981067215,0.680830079009872,1.55761336165203,1.37198943437724,1.35250329827195,0.582130592109559,0.417981021023814,0.00000,98.5467962092903,128.73003956315,68.2525240470367,91.4053974184372,81.460489050112,97.572461189072,67.2261551524003,70.9415349674883,84.949157073616,45.8683768705414,21.7657462569396,7.49717015409656,10.354789097336,8.04260386741648,5.2467774578618,8.86840635780512,1.11181014097545,3.2830770712688,3.62741991599741,2.89036712700907,8.55032480329299,1.456396980881,1.46028899416734,0.728619394929179,1.47908010007306,0.554761383650571,0.865960634740557,1.54974455451814,0.784157631244783,0.633214213422931
60.5925679163609,10.1323399226626,7.64750054388143,17.1642785243644,19.9349126928712,11.9918956871596,19.2129913027044,5.57314059058379,15.2412472651795,13.6306642496744,2.16088906345134,1.51421202402914,1.7726584448238,0.864941146563089,0.572609530840066,1.58948127947265,1.57444016565727,1.67947243870008,0.596943121650452,0.530284266792769,0.00000,97.725246406082,98.1035973575493,79.131332407577,106.733254202364,73.8812745862189,68.3406704397003,77.4426854074435,68.4192716358479,68.0161591792982,43.279974287311,22.1288758614831,9.47648713997598,10.5453037598901,9.6767181013533,4.8846968646265,8.69516672094516,1.34045291914764,3.78521033296263,4.17970325159763,2.9359430276029,8.49277793600689,1.53867117575112,1.44512093489137,0.728365617501995,1.49056090373926,0.960364145119581,0.72891442228443,1.29515567404676,0.884833497232542,0.641766222426546
60.4311067339491,10.4254313852441,7.48476643131828,17.0838394370662,18.4917082792398,12.775720153794,18.356122646268,7.83278708575152,12.1520004242524,12.6906978145207,2.16748247732323,1.51274340764038,1.74452770174456,0.911367092121771,0.585389585043477,1.5654261205363,1.31034584560733,1.61982254410413,0.853783802957486,0.543642916119467,0.00000,93.7843252705993,77.6665096257905,66.6886220723134,103.515880673,103.319325680678,78.478275966492,99.4040838054031,69.4159415254108,112.92977091484,47.2962486941424,21.9151537234546,12.2375991633563,10.5793442897561,9.90507895048849,4.81664305709369,8.28697150026946,0.894843846822744,3.57621954904444,7.37955413566936,3.21354787605343,8.65416130597238,1.17058204356341,1.45824587296775,0.728635306209211,1.34033181844962,1.93904432522367,0.754001650314918,1.49879959641887,0.924471434002486,0.62627183870977
60.7085231171101,7.93724889350144,6.1737471341324,16.0028451692077,17.6920571523735,13.0145140392119,19.6159263632226,8.3968159580744,18.4928062406708,11.8952953449013,2.10125257751539,1.66411682981878,1.77008489763021,0.777857539386216,0.608635132712714,1.60005838143636,1.17789678817843,1.60456975656614,1.14665583870026,0.500218404212216,0.00000,92.9639247593811,99.1709205978151,78.5766388660952,100.502037050497,95.9489043682646,54.0238719120102,88.0627683961351,63.6258097914509,98.7272486015436,45.6689836824238,23.6475505498179,8.5771015700422,11.5851098061748,9.23542950206583,5.12445380988198,9.48099997009094,0.95761559524835,3.79188388692392,5.21516869087125,3.26082357535719,8.62418843812827,0.968745574041925,1.42634740710945,0.781982393259553,1.39254330173171,1.11750685947308,0.89621413458472,0.989856538047339,0.681222823759546,0.5877960875301
57.5331566468655,7.02694241637523,5.72436090533194,17.3896794043473,17.8783268676187,12.5557475880461,20.5368794926214,7.80198276431533,15.6637012466894,11.5883933658964,2.0193274120188,1.52907705143034,1.7187448970481,0.886405894484023,0.59854276239123,1.67615589533966,1.09550376535186,1.44739553444674,1.14636071848047,0.395238583253349,0.00000,90.9593760569355,84.3963423773456,74.6558139525001,92.3634827438606,70.413836787286,48.0216642049213,87.3244412490269,66.7408840961451,45.414087686789,56.0860473843715,23.46133190809,16.2950430193554,10.3589653671767,8.21862396865483,5.48632316042585,9.88193157938858,1.1876771357327,2.88648957850399,8.30695297758011,3.79977889178137,8.48327340860462,1.03930143170377,1.45675081691661,0.895458437415311,1.51917773834997,0.575238398713411,0.71026912077405,0.743777827459628,0.82546414700334,0.562783191731824
58.176998568886,6.6500645611816,5.6001826630091,17.1952538663092,18.6237104161007,13.6487075542039,20.3759341793527,7.65097360832063,17.1194009606735,12.2013884860118,1.9688014754089,1.6604357463823,1.67784905623876,0.944542983717841,0.527639206904766,1.5808790766707,1.22605112002528,1.56095290000605,1.14972978258938,0.288092899400183,0.00000,88.9031337510673,106.143501395808,75.5395426801571,96.7604508755925,60.2554711439546,61.0872101256114,73.3325526023436,69.1548123754904,49.9312710282654,45.0465830487788,23.5437872822417,11.3901655511599,10.7490251494969,7.58254676545658,5.02821628444053,8.93937724929431,0.640682374743093,2.7667701940228,7.77912536278612,3.70086756281233,8.54986227128457,0.895321430463776,1.45731340843127,0.895405029526341,1.53538481427925,0.669536617732985,0.94909668029087,0.546798700035072,0.825876378420747,0.597051770802488
57.5277718812148,5.27508788530278,5.5001618304696,16.5627012509833,16.4804652276413,13.477957797529,20.2095123035578,5.52679922073355,16.7398166082746,14.358003974828,2.01096040817596,1.67249551426388,1.66710242913974,0.950139140422825,0.512867433109934,1.4808825927856,1.35162285094231,1.76084847856149,1.10095341861802,0.42194999964395,0.00000,89.675893515301,102.593300108255,66.7216043720587,113.776559243393,66.2269567289063,121.51532863864,74.9592039666023,82.5167782327805,63.2858985676977,45.4794601231947,22.2817405426097,8.81142410241561,9.93094635352823,7.78614877791835,5.47679767754231,10.0280686751778,0.837274888089288,2.64025043977503,9.1740543907066,3.31066565058354,8.44125750798705,1.08409392058824,1.4537539909476,0.884906683565536,1.36233825616894,0.407412638742126,1.00516736665035,0.705722484500401,0.801067664279792,0.628766124124423
58.8245710817446,6.40678346260751,5.23189092083255,15.2684973873799,15.6851600480614,12.5517269886617,18.3272139547236,3.0307141258037,14.723522775402,12.9601146859247,1.978718863671,1.54062038944485,1.60253498192004,0.881580882118299,0.500851152297478,1.55090338589817,1.25866165254303,1.49056748670878,1.04362618240773,0.40772349911715,0.00000,97.6999502635494,95.7991664534951,66.7381042804763,109.695404709726,70.4148733473428,93.5501519311772,68.3003260489038,73.4119233297397,56.5833493854293,47.4983734496379,22.356157670011,8.55784516707651,9.65126243387874,9.01479226342725,5.14675456226682,10.5606124768447,0.947836969035503,2.81337163790551,11.7037841008568,5.2602622305895,8.1825700293017,0.948026264691414,1.45348467333888,0.894429996025988,1.14495641968771,0.820560350185631,0.981159253460754,0.306994807085387,0.77004700597926,0.631200770566061
56.7359739038001,5.25053714971189,4.48635994955927,15.4599112066536,15.6545274185206,11.8819685931287,17.4319053566974,3.22632249465791,15.249639232993,12.9713744516035,1.90481968336298,1.55947518556491,1.62079038995706,0.900817824094818,0.526125506996182,1.53112225927278,1.25944206325817,1.49979550581467,0.988497371345464,0.396446701612411,0.00000,95.2417887689518,113.707702309924,82.7241169164892,116.498603550016,75.554976731643,72.9289214995546,84.7471697692921,68.4672696826364,69.5481219450947,41.9962302710677,21.6492814961127,7.44945079640802,9.92778003249284,10.4981826931661,4.74110032688683,10.5162640238516,0.660190631193477,2.89621989538708,7.0907133549898,6.16425082296289,8.0418707552261,0.872393018609837,1.45337358936202,0.893470036941609,1.50462337226976,0.378869732005741,0.964611564189364,0.317829914274488,0.863150515301874,0.661690098793918
58.078865633847,5.56698400486103,5.30970242938291,15.4447302983779,16.4460590995473,12.0437749293508,17.5148155133434,3.54560563827274,14.0188353941065,14.9089231669125,2.01910704460169,1.5314991131908,1.64303375091717,0.769229849639848,0.558390904324741,1.54037303686106,1.2811135706183,1.30803745037379,0.527057429847332,0.38233311420988,0.00000,96.5160053804272,89.5067036962697,92.7862098243983,103.360855282654,85.9288564737075,73.0455818997352,66.3642098414522,58.287626207312,165.816608130411,45.7817045074162,22.0158357072332,8.09524325320243,9.06158074956015,9.44050274418983,5.19392238192392,10.3473126563523,1.14526694582266,3.59792845873406,3.30953329576331,4.06985253545022,8.28319498053223,0.946177220027952,1.43911983666478,0.884686038748814,1.22686194698026,0.83064339546256,1.04284329793787,0.372140751830604,0.809959661968889,0.658479073773243
59.4457397858834,5.75076243286283,4.73113165254111,14.7579005221482,16.7165561101166,10.9937010717962,17.1735542812447,7.29330389836034,18.0511524299676,14.3627559279757,2.10475814674225,1.53021347255902,1.54217067468198,0.60138743059203,0.574410752568834,1.5026878891994,1.2727587738059,1.18818987832006,0.901537995975738,0.390529637335813,0.00000,90.4996856280756,90.0797906093004,94.033915541146,102.010672179616,72.3452842935742,71.4411010676631,63.1069940270041,65.5924469949413,95.4523321645688,45.7060222565759,21.0153797462617,7.48849919874978,9.45006674025982,8.92393407950988,5.92613019985013,8.12702953285185,2.2605055843666,4.44144234569872,3.74768655698887,3.6539827384002,8.07764866494411,1.02552695373875,1.36130433595084,0.880300105646508,1.20598377456543,0.667413815142307,0.918123305159744,0.234851586090447,0.742891948002993,0.656613305466924
61.008310227917,5.42455575100692,4.49068604897568,14.5354403160075,16.5284550960346,11.2018282395384,18.4081744043291,3.61924623310689,16.9611743974178,13.5246973302229,2.1075017989051,1.41957967553253,1.49772576184103,0.718652904808817,0.554544026049795,1.6407554307549,1.25050643304902,1.32358853958889,0.730159940259191,0.274914261810883,0.00000,91.7625589168175,114.501719764549,90.3773605245361,93.5689641870027,68.3748745717188,110.130308731159,56.5790555621949,59.494431197815,72.1832855450866,48.1433850451563,20.920243478226,7.4907591924704,9.14303577268556,8.42698109316327,4.8020420428282,8.01103056185434,2.04862071148885,4.50146484160128,4.83443120538439,3.47882343892242,8.12388123627741,0.829907917908373,1.25251149663559,0.876984237672095,1.51269679701622,0.973747740633904,0.747723622251732,0.186798394283975,0.820520482787206,0.655227551929137
61.5329132577664,6.73301686260319,4.71996301998045,13.9010648857315,16.8396659739859,10.8023962918298,18.5917627841122,2.71297334059467,18.2130645401159,12.7060258175236,2.11115714839552,1.42484288929682,1.46260955321897,0.880736380678621,0.560721997482347,1.69125001055535,1.22588244175271,1.03963038265289,0.578110679654891,0.266840261030998,0.00000,96.7317997525972,84.508721161323,89.2673556132045,104.279902155999,81.9415975087184,103.223575390934,67.0957752698225,53.2986881669779,68.0665700678794,46.147278359297,20.8042982486876,7.03141109305785,9.63629008169512,8.97109137823114,4.94843884322654,8.30055884258484,2.24098072635249,4.032034173273,5.12083653056122,7.86994049402696,8.09928551192544,0.83034114541811,1.25166643443693,0.884973655161058,1.17438114608944,0.363964316526074,0.75087247724793,0.0300423978198307,0.74868464170267,0.654036294532969
59.3331564113222,6.84655732945409,4.55148520545504,14.9518112286408,14.000648809547,11.7303614757054,18.6019617587703,3.11856408655045,18.1704668836625,12.6574116815492,2.10922202889421,1.53988650658918,1.46483386490092,0.694064271939137,0.563996210103676,1.77886586476363,1.16936118998636,1.23821236647683,0.617864217072748,0.258710634339253,0.00000,87.2093707536286,169.999631529862,77.6311432623288,107.429757374938,82.064848485059,69.5266613280679,59.2844412995114,64.7307241571373,69.4309172333917,49.1758835784536,20.5738297486394,7.47851400046581,9.72181694350114,9.92583664245626,5.21926503516892,7.84124862788731,2.4795879522845,3.66220174840862,3.93783851810003,3.09150291461769,9.42512617763151,0.900109313913119,1.24907224210765,0.88287996145036,1.0438414820744,0.621390865224256,0.797814895029765,0.0910761496463994,0.783138039028645,0.602519730790016
58.3966847271618,5.85318728381591,4.91394813786559,14.1182566592298,12.4980205064715,12.133803555269,18.7108243081184,2.97586317339328,16.1049312292656,13.0359315808181,2.1404196434143,1.42309054718824,1.4843635877343,0.642167028046602,0.584637586191694,1.77776625546113,1.2536310055969,1.39879370812256,0.717518324271445,0.264581411082282,0.00000,90.615168171813,153.195776213437,69.7378741115011,96.2741829321321,70.9910441837078,69.9420091971932,69.2228875706803,64.3323774323907,49.9267709062032,46.5064877092362,20.3271115525629,8.37732295836117,9.65926347206925,10.0734260851549,4.92831332293647,7.42023632862519,2.49553289975503,3.70585368340579,3.56656609068755,5.18375352741067,9.56583220753179,0.774292611004153,1.2521716376498,0.890179933490388,1.23604560114375,0.5664394090594,0.990253488265372,0.0313639420795659,0.78848538974089,0.638489271812188
60.4526202838566,6.96369404876357,3.92556443372767,14.7457477510941,13.9679792537269,12.2245853855366,18.368620449062,3.06219757016794,16.8879253736304,12.8678405155621,2.11205335805322,1.44575622562539,1.46756480649331,0.692020359186332,0.725874021352336,1.7476087562289,1.25035444789058,1.19431411879149,0.729540586051982,0.25254339078838,0.00000,90.5258376055676,109.33904252775,71.851108147003,104.079516170032,65.6579880409659,79.1970210060915,82.2041170394958,60.6849453710866,60.4642968882075,45.8121499419317,21.1705743836156,8.10420913330708,9.43880941520694,7.81907827712346,4.91472851358027,7.75249526437736,2.29875665531612,2.56872574575457,4.36616423343139,4.03447274156892,8.26514524188661,0.709616521319596,1.25104247207682,0.891186188154882,1.38047900201126,0.370957230252538,0.94700504758944,0.0644122215120705,0.721380261226746,0.638360758484706
59.698505534161,6.92859733076146,2.93982921860081,15.0906155505928,13.3763464384011,11.3549068840683,18.3401338766603,3.02332458414243,19.8873628879566,13.0629321912986,2.21446695603677,1.50482401271578,1.46938286057266,0.725865132154619,0.672981886835551,1.7135881133305,1.28358698201527,1.23954443578597,0.761566661210805,0.19765671761908,0.00000,96.4006653537793,92.6723249063905,69.4860967682044,111.565881146788,76.0310734715084,65.995851367384,77.6208621649352,58.4069382340747,59.139196792937,47.1609984502453,20.7245288793736,8.61123938661666,9.50778976699786,7.77550107205126,5.06050953024157,9.35470925028397,2.62318680936028,2.57960640757153,3.80753256972406,2.06881482004084,7.91412811096904,0.91636323812144,1.23880644995589,0.88139095866772,1.27312192309687,0.835242233957406,0.952790096636314,0.0549979677223862,0.784110542624924,0.635430426499229
59.6364131266378,7.40866012297138,2.50068111278932,14.8046426488363,13.4982581211123,12.1147581755394,19.0861973567863,2.88108421175895,17.2771245942393,11.6479981025092,2.18617408070503,1.658129727705,1.54238449607901,0.905760397316285,0.630387834945106,1.68274677625274,1.31534580713068,1.51631685177121,0.775735056272686,0.22824075338324,0.00000,91.6883030575762,84.5937913515995,78.4955907400204,111.294383832823,86.9543676412948,79.3168553259441,70.248054561022,61.90602472985,57.5716994813061,43.2358704055545,20.3819407955172,8.0048936614515,8.01394668832164,8.79384643101581,4.77015605413743,7.81206954857679,2.78325084709943,2.58416799238219,2.84753936504661,2.03648541090705,8.19027134177683,0.919186785282413,1.1823183098588,0.890246709523084,0.992550073192919,0.777588942343119,1.02580019301246,0.0232765976825393,0.827639378789687,0.634038687701837
61.5415315439403,6.96822493257427,3.56486262307541,15.8436234887597,14.1878063421792,11.1503712995953,18.6188755772104,2.98428987021087,16.8820689282899,12.7040510860689,2.17231633930919,1.49883070027526,1.51489035726688,0.974974719611062,0.629993395273848,1.61198036246179,1.27526782210238,1.39820937664864,0.74723022111606,0.317814279581575,0.00000,91.744937334818,118.476314483955,100.539229128066,121.431837794064,94.3715886972764,100.390236269448,73.492536000493,58.7123308269087,62.3457226660701,43.1627942338111,20.4531946612705,8.52006547877987,7.88569702977088,8.7835945915721,5.16788545372513,7.58360621377727,2.91658862553404,2.85574386394555,3.72197955435164,2.31634187695605,8.03091055086754,0.797513255310759,1.24823422946907,0.886903863117365,0.927718137884272,0.487896565789105,0.997122781013265,0.085502303206689,0.774172127770334,0.641124319546414
62.0966337194432,6.80627192887105,3.45264767197791,15.2241861689066,13.7631944016745,11.8263344375895,17.8996031128375,2.977380644714,19.7916739226558,14.8862101541087,2.28189236663004,1.39369204296212,1.56830060917733,0.862843910306491,0.613686177797452,1.55258777299414,1.2431401234151,1.34369959172963,0.742041180320511,0.308865175862565,0.00000,100.544439943487,113.51836063546,82.3815101666178,102.600818052577,82.3331019025448,177.852705002051,62.1074041850538,56.7051861772021,57.0781194040697,44.8351416429095,20.3560926643295,7.37856851605134,7.54822947165401,8.40830837754628,4.88919250094594,7.1581179009999,3.43578895087041,3.0824042963898,3.70921374530027,3.19593862181895,8.04474564820134,0.905757823502557,1.33872198579492,0.889799484280703,1.3209911825518,1.76384949188342,0.972757761910634,0.0246607256527618,0.796864173353399,0.643662325203468
64.5135640288388,6.50185504204109,3.35454948501645,15.8638214869031,14.7649965304829,11.7796042432746,18.8688084397323,3.1989808502402,20.8435372089298,14.4739877400304,2.14217411412381,1.56234168623039,1.67172483484082,0.680224000901947,0.617528142265806,1.53847647631716,1.27947900346533,1.49374734184579,0.709884367865621,0.279355118451663,19.299913784845300,92.5936999675672,132.115133307055,67.632635437313,102.052884337743,90.1842289636046,200.012535162349,75.8326238869048,63.7233119580234,58.9763903967458,45.1790294596731,21.1589136466676,9.35200856792062,7.38862151724637,9.07757050446808,4.84867928383271,7.79802694499721,4.27267182538085,3.16158556141216,3.15077782135353,5.14303184470582,8.15305906784452,0.789001395996873,1.31995544653793,0.872711032502239,0.990636529621279,2.11317825508655,0.768612508243112,0.0885850158867309,0.828163487640928,0.640909746654444
70.0960955496432,4.96864346397828,3.94757353951516,17.300915243767,14.8558098854088,11.7116937815244,18.2351629288933,2.99090614221513,18.0546646370156,14.3314529493106,2.21204883485832,1.54983834156532,1.70690010260205,0.694633269284737,0.582724119864309,1.62174356829998,1.4219723412378,1.70214357978335,0.696503265232298,0.293578572942896,96.499568924226500,91.004015461152,130.848141854258,63.5430739822737,116.214056919669,104.735815729397,200.227210317602,69.7951756555874,61.9430730391095,55.4600670388189,55.4193154519782,19.9768056794384,9.0517967875391,6.72438717885935,7.68808469899683,4.78395222825538,9.50310025249022,5.9259662594083,2.87000819300542,3.38498444271142,3.80680866219972,8.39121007940672,0.76914400217267,1.16812477596852,0.833431223540466,1.00084636779734,2.57336796125522,0.856897055794765,0.107857940793461,0.722263348325171,0.427009877863543
68.6560587996011,4.676451056882,4.08608773466528,18.1335231579001,21.3966705733882,11.8700176958548,18.8529065841876,3.43867949030109,22.0088443434019,16.3345916307532,2.4316328505311,1.63459298227817,1.82870110470277,0.695375355169492,0.584745645590849,1.69983490989164,1.38270761146594,1.76943806616041,0.758540797762859,0.261599353707497,154.399310278762000,98.8109977469006,125.224455340946,74.6186685668248,113.30191556749,107.607849659773,278.776889787383,87.8099432012778,67.4672870489388,60.8250153934174,50.1978909008322,18.410085531611,11.5243843812002,7.00302319155559,8.79935041396758,4.09170243636122,8.95400164002637,6.89712258136798,2.88108244309357,3.91385008248467,8.58383541386773,8.3450624804418,0.891656380194104,1.16738530458303,0.805216041953939,0.710688428454406,0.435639481618985,1.15881258940406,0.168857484026592,0.826865819271739,0.164794048598139
69.3614435685952,4.34764243104393,8.23688396191867,19.1899637147038,20.5945095588146,12.5404703052583,17.9336111696405,5.11967672123042,21.7998482486537,16.4445398734658,2.40620266116784,1.57179181225524,1.78020487682133,0.733803575291923,0.599652187862817,1.6161651537508,1.37054776119349,1.69328975193697,0.968226285035582,0.34627799039704,231.598965418143000,101.938291686583,129.784574961642,112.886331095582,123.058194358518,100.5453734762,194.298546555693,84.9866453547985,71.8054586567287,82.8270887180616,47.5916203977122,18.1738377418889,11.6065063612766,7.16341600853969,8.50596342933789,4.1685634802644,9.04484850955081,7.18832365274977,3.68925958122407,5.08071302294952,3.96982542842915,8.35112816530342,0.642257097458644,1.25452966971675,0.810740497842565,1.17033704846281,1.02628642573711,0.704528238289128,0.0605517871220171,0.790819282405169,0.171128932812871
70.0376086108873,5.00811481579034,4.83464867802944,18.4411759914008,21.5931754571392,11.2528705981806,18.1668018445825,7.23117956945034,20.849271095676,14.7484873751306,2.38514541157972,1.36030890459932,1.69583741259662,0.654504289386753,0.31221347943665,1.58255440004657,1.42391496043344,1.73640766520111,0.85357823656479,0.298425280921051,231.598965418143000,90.8705967602203,164.613893990731,101.419459534196,143.523226059953,97.3496929399613,122.674702705766,84.3516873481292,71.3946446010719,131.423650642285,45.7311603180541,18.9480816957424,11.2584820792596,6.69859207768959,8.81593389603133,3.93850175667457,7.47415588828452,7.69427254277808,2.97212955372171,6.92479122355486,3.04116355541895,8.16451033428944,0.678031936371636,1.35015174881516,0.818483345416712,0.896565613137588,0.2471037029843,0.885753331307239,0.0865250258883607,0.810836248823613,0.141074010836126
73.3738732752598,5.25091515569514,3.78992703149902,18.5297286041284,22.0900164629303,9.7493910072593,18.284026698658,7.34294730069706,24.6848179889957,13.0966334854049,2.44581546678345,1.51282104435401,1.67859045786224,0.680840840270149,0.28087286718429,1.58486717455227,1.45536214006159,1.65072463786124,0.892633028301181,0.257267595493972,231.598965418143000,104.826234186266,134.652706788815,89.9677525235646,115.080932654131,102.521283018541,154.305066387831,76.3075799407372,72.176368522394,77.0725848221723,50.4483225410064,18.5402126164483,18.7509170159109,5.28700926664425,7.75409984823649,4.43935633175021,7.91477500052288,7.56383845108207,3.06699339131724,7.49327954692809,2.59941471287227,8.42284063143872,0.62431903029792,1.33277832164648,0.818823378984488,0.847523609011062,0.176575293509106,0.9710305739172,0.0222774042606254,0.988520837625823,0.0921972536619152
74.2773898811377,6.04733540180865,3.77211355675878,19.274566498311,22.9461558713163,10.9960706091611,18.4524610256343,7.42492969244606,22.6946587998026,12.7533250120855,2.45219785161653,1.3501017862843,1.62234652693942,0.673175708729814,0.29805713786366,1.52751801146355,1.44879922850702,1.62179431139966,0.863510624215548,0.287350675709498,231.598965418143000,111.709762494185,114.042404823969,84.3192270210392,107.76377446418,90.7144698073764,95.0418670316409,76.7496727133787,70.407607783391,104.892598443959,45.4414364416226,19.0801334938571,16.2366766939438,4.87579595454314,8.30944603501581,5.45566275776339,8.69589548076478,7.45743121663512,3.1985803456475,7.64631105240788,6.2053615437825,8.32246886164112,0.630194735607999,1.34546723985492,0.803321509997719,0.907455016697334,0.640898605831834,0.918190855814352,0.0823188421137053,0.946782711789061,0.0888984124087808
73.9785535759995,4.70330804400978,4.07652379266403,19.5688594684666,21.5513008841853,10.4811002697874,17.9231758668563,7.30768890819467,26.7210748346589,13.4408316071661,2.45302684631284,1.22267769953238,1.60276804464881,0.622608111813816,0.338827086042135,1.44094721639047,1.40448698319883,1.63421245099223,0.909285920269555,0.295336701946845,231.598965418143000,103.580253109408,126.337236955154,69.3574886446567,112.885391642459,92.2045251025452,86.2499490634615,69.9921307333578,69.6146883512249,119.51277566373,47.1417184209832,19.3764600844175,15.7362387534586,4.92750846753015,7.16789516155102,4.67846886777826,8.41162476878323,7.52921210574293,3.13451117280936,7.89450015771199,4.14371087832524,9.60508216670554,0.6525053420079,1.34230667183156,0.806630982215367,0.653776292414338,0.197856824594528,0.908133719959497,0.0221221624240958,0.968799067720599,0.0874110925631717
76.0514173554313,4.78887899778764,3.74955081823244,18.0578020882025,21.6383456233706,11.6081717473386,17.3040161959303,7.55133508855762,22.2708204188719,13.3373367336249,2.34678951811267,1.14786120284808,1.55102425838776,0.53970135897198,0.354415294643363,1.34103783729699,1.43242242142034,1.39416718254871,0.923285598911896,0.339410221608544,231.598965418143000,104.248126887502,154.41079610871,64.8722359671853,114.362438026518,94.6967534916128,97.7911892770571,79.3885174351901,71.3331722348496,93.5390637964315,49.9335331132223,19.5902446156391,15.0005137681804,5.39822864286622,7.4722121015194,4.4061797545849,7.73013198147031,7.35988140471948,3.37332340058761,7.6616593201467,4.38382460461302,9.88510238090464,0.517552718227917,1.33462295653138,0.815876175965054,0.992164941383052,0.676622379277259,0.902884956276712,0.278125797458651,0.971663081198603,0.0852930774172383
73.9970412469862,4.82008336652799,3.76206331905514,18.0165530645679,21.570170635252,10.6537347005436,18.1979063369185,7.36292557227686,24.3157217958265,12.9812141733302,2.37576949667059,1.08890154334456,1.54746194935751,0.468183806066589,0.404863010414159,1.32718314002936,1.269577759001,1.44556182103615,0.933304656478814,0.486648846009654,231.598965418143000,103.676653255718,137.505435787585,116.481509311765,110.901958906772,83.8384363724908,153.595360563303,72.2843621745433,74.1278558846031,93.9591409441127,55.7503807589993,19.9131357833632,14.4007638996937,4.90697111249277,5.89020143284466,5.04425197593634,8.04893986642112,7.25375175818373,3.3017001347825,7.08286905509216,2.48836920293516,8.29724076353704,0.777164505612646,1.25632077677324,0.805907166823232,0.860026995615852,0.196578070208357,0.863403994288622,0.118548096991564,0.943724820150353,0.0865762232349203
73.3035468589082,4.71631821405483,3.91811615335762,17.9150838258021,21.8598669867333,11.445669457744,18.0134915411158,7.54781513004471,27.1693971024252,13.7720222825761,2.45669673742829,1.07053203390514,1.5461647158615,0.353525526578405,0.33679118415306,1.32635932569159,1.24463363833127,1.37601934133809,0.964212262473104,0.380060737345553,231.598965418143000,100.383625795827,113.277044717926,148.008104591918,112.315388469657,80.1057004172973,150.620009494441,78.7542137253946,72.1545591657438,78.9673943890733,49.3599906337862,20.4638720302257,12.327957808815,6.2170258703609,5.1271813262584,4.83393720205189,7.44386737285665,8.35104236683332,3.07148873771967,8.40078840323419,2.83131295393217,8.0673126174803,1.06041111806509,1.18096983735487,0.815914331041359,0.868476839404214,0.690223433501837,0.813874044638486,0.0536841994542797,0.948437771491479,0.0879283139789655
73.0362096994282,5.04373107267432,2.81644763384402,18.2124319717535,21.2072330114482,11.3746600274732,17.6077144395683,7.68109451910903,23.8910743328608,12.4632382187078,2.29545080689815,0.97868558152611,1.43272785658087,0.332264861609865,0.852404400887794,1.25273506296799,1.20829455991679,1.46509259291121,0.96971990676327,0.393347863010585,231.598965418143000,102.322856749367,125.242982440522,137.374460812235,100.741605043229,100.558242738872,80.2326163106235,70.5422029979924,69.8521132470376,67.266871949202,49.0295184664124,19.7947936725436,11.2221929463599,5.37436312634261,4.92967302228649,4.74063659699407,8.16360418155801,7.90427878392483,3.0787463066168,15.8371873307132,4.09260668752686,8.31742948287355,0.835419910921106,1.20266722358143,0.861847687376169,0.922161863846326,0.540773690810808,1.00556754362521,0.162958556871416,0.931995359274425,0.0895984474566087
72.1324023220645,6.17800855154167,3.44386500859063,19.8955042454174,21.8011186954371,11.4876382994972,17.3492171238806,3.96836659610252,25.8532110609825,13.0792100234076,2.28248103541447,0.986915855183874,1.42163303919718,0.34468185679333,0.31794070722369,1.16029685189995,1.32795575350381,1.34443146805467,0.916103745137395,0.374805223547185,231.598965418143000,111.37751127408,113.585811563073,100.434378237142,96.3448194066143,89.1768228374886,96.6005800873062,80.3313133319301,74.3406900822179,61.5401600454501,48.7319396095263,20.4601099144685,12.321776914459,5.30248882292124,4.43021414204692,4.86026052248381,8.14221141874241,8.58620534812536,2.90658770926566,8.56256942108104,2.83204650501192,8.43035109464864,1.03154964695019,1.03330114617902,0.883307787349134,0.685615386328414,0.504071251126089,0.997634713351658,0.107164125325981,0.961815944414006,0.0896413742420329
74.4364930313117,4.92428092256766,4.14386346507429,19.9586985816567,14.4611085285431,10.894742849888,15.8810449977275,5.82077847018455,22.2500460047102,13.2691738915025,2.27986165082156,0.978376587253271,1.41252582391633,0.327888130979567,0.33391689578362,1.12908203309632,1.2191725346634,1.22590174030491,0.852151005823936,0.485229866458441,231.598965418143000,125.701082903565,115.159556921567,98.9636362964305,106.527333060156,82.9709629853807,96.2200468238311,83.7375213336099,75.0644177725653,57.7120006285144,51.2413592827426,20.6408703343564,11.1473540702892,5.01455112610987,3.74239311863888,4.47593851829873,8.1646774848602,8.05802330215277,2.9856200942721,7.51305579351064,7.12382682179888,7.7664815297547,1.02282815857303,0.940525021782971,0.879465072047866,0.883259736352745,0.305561300574415,0.70379170803503,0.310981922705278,1.04326561541417,0.0759136282077939
73.0492015207793,4.85937189515802,4.12328447022502,17.7640778436355,9.42201853865466,10.9158021456429,15.3814695558883,6.95549029811403,24.0380801929379,13.0247831432649,2.25770648565641,0.933524253327128,1.43349919594651,0.369915939258819,0.59534058078627,1.12590844169181,1.35209635402388,1.15372515891285,0.820982398259941,0.46531027586818,231.598965418143000,104.464022150785,114.196537147911,104.382573054252,105.726355766676,94.739183423177,74.296845233664,84.3367049262811,73.1565834864494,62.6738518158699,46.7644537732249,22.0238031455677,10.7514614523393,4.7647991144247,3.20041383043302,5.0253380188464,8.75182700346382,8.2323953853857,2.99544820474155,6.37928471340795,3.0135916539619,7.89598281417084,1.04256054477257,0.894161652118677,0.79816190520153,0.998509560704547,0.201509665199996,0.775415734253534,0.279015219397899,1.04118379792814,0.0658263772274145
75.3090422298152,4.79173145294042,3.64116028426747,18.8258838789804,8.21561521258002,10.1092902399353,15.8017097922705,4.8567802966349,29.5534000434994,13.0721614393896,2.18760591959988,0.890249327133891,1.43004073822777,0.363684477191061,0.313592935865775,1.08522295090523,1.36569795377401,1.22529140785614,0.864425098642556,0.472733996692163,231.598965418143000,114.100761879528,131.051103767956,99.0299308519752,95.8762976789422,91.4608474915795,72.9275736449428,80.6670867688256,71.0435715273632,63.18348616859,47.7231219843895,22.1228821324013,10.0443638481229,4.88044631690249,3.08044751104278,4.77933468946109,8.60792995911009,8.98100444964438,2.82271412211827,4.16500030861366,3.09035807810708,7.84430294706369,0.979521070737855,1.0268499823701,0.693375028702183,1.06101929158054,0.279640476370802,0.997666924653188,0.342204873464241,1.0421407680782,0.0643201536507853
70.9356613495516,4.73523416873503,3.14577738166334,17.3341475437305,8.00127109534532,10.9238461825466,15.5725403575821,3.46586137519654,23.2015587045674,14.8575115455732,2.15973467509972,0.986493015093347,1.43191424274291,0.42252315596297,0.294770538444289,1.08224358861388,1.44022224848173,1.214569194818,0.81182078539967,0.353640780972966,231.598965418143000,133.5264989051,112.812280802747,108.660923876627,88.2925290158386,110.87236698788,82.6412266273318,88.8144383166567,81.6614356439885,49.8829176042802,47.2479969852449,21.0945701665581,13.4152834933444,4.71005126185731,3.18476996178118,3.85350075855497,8.88240251362734,9.38017513351857,3.08655111676543,4.13552441531631,2.68545289673767,7.68879839139379,0.947785339853892,1.00282760698207,0.681066797883572,0.930722928940637,0.592789548800969,0.806943320009986,0.23543030697851,0.692039351347663,0.066999991649923
69.3059161025097,4.34371954894512,2.78746398349807,18.1952781630778,7.75270560343544,10.8783971161674,15.9034812771316,3.79567717267028,27.134333137414,13.4359641755022,2.16996413609515,0.989498611056057,1.43278030866481,0.416248561592911,0.28316087524647,1.08772620849164,1.44808693302176,1.18153566962185,0.827029448337295,0.318335855474918,231.598965418143000,100.245587221857,110.76441215409,105.490799980968,93.1260845491282,95.6628985094046,69.6255579343352,79.7817488797946,87.1420265154686,45.2219713236095,48.7493827247293,21.180486859936,12.7025265263925,5.03256347371223,3.75671576679487,4.86615323837454,8.74919730356194,9.8247933305259,2.94645496075485,4.16873114385104,3.2848775932528,7.70489738932745,1.32793472818323,0.928722321436511,0.759291478793755,0.784544060051633,0.413429541258412,1.08780760077182,0.157993601207057,0.566932975539051,0.0681732665643979
69.0670436648453,4.45700585014538,4.75854359992241,18.2878919330514,6.0161276532465,10.16384361544,14.4779490437603,2.78116926377196,21.8331080144376,13.5050115391133,2.23007237798143,0.938537592992904,1.38263504066994,0.304800166536633,0.294198778781213,1.10109607302755,1.32017836449026,1.10642045545847,0.783666490381063,0.289343240733145,231.598965418143000,110.390457931131,108.806002489647,103.206088925511,93.3652592313148,100.586424867728,58.3251561449886,80.9656316901631,85.5928704513632,53.004931209499,52.674522854381,23.0839556289069,12.7584189808666,5.14396980063165,3.3821114642881,4.88497985414942,8.64796047965435,10.3973367079105,3.04547803938122,3.63551516195857,4.29484638757079,7.29544549749596,1.00787005468456,0.895071130512894,0.858264131443516,0.883345338153592,0.537827909302451,1.00091718383259,0.0909400948417474,0.624931781427435,0.0682003337470139
66.600000684312,6.60284372050196,5.21508708011508,17.698620079651,4.98367640014627,10.6145458270654,14.2771001658479,2.47124659383465,22.6989327256042,11.9844557457178,2.26338977385589,0.976087238801927,1.40033852308418,0.282473970861373,0.29039988701052,1.05700213520009,1.4914530648059,1.07207336223369,0.775011385360929,0.326043597657737,231.598965418143000,113.345092081084,111.13324564952,111.254037031138,95.2859219475833,98.2478554139302,71.4478445979244,78.8743191939284,81.4595855466956,52.351845914044,50.9626671445725,21.8458219312079,11.8226073098871,5.50920440296601,2.99686843380491,4.90768888598346,10.1619258017954,10.3533708843403,2.83850788549557,3.87600199618415,3.04060004829712,7.35355596339535,1.06995715861697,0.758976869376871,0.439731312191647,0.931178281693016,0.632500990967548,0.832686135192446,0.094137449061232,0.520750422512908,0.0680661384283391
68.2889868984338,5.03680066797813,4.47153562011224,17.4511779397972,4.6126852026956,10.3832466926598,14.1947661810796,2.34122230122142,20.0055440408648,11.7162680002963,2.21074643626255,0.942002390738081,1.29775099017558,0.329873291676309,0.322170288777693,1.0071866248739,1.32926552209421,1.06922738845284,0.755535777819398,0.324747441813636,231.598965418143000,106.812975393626,102.248264220204,115.767785191957,92.8440856482687,120.297640652551,67.667808227777,73.5515047503868,82.4032251934342,49.9103122880688,54.6045631341092,22.4710120410092,12.0939706493913,6.62318866214454,2.98165128485022,6.71519210218925,10.2748498824284,10.7796502128013,2.94218095836297,5.35427224732098,2.25614009026872,7.21309615691693,1.06596686335772,0.759439911336522,0.387154559079614,1.21372635826983,0.182531365197982,0.923531870314867,0.0924690879573836,0.550752343089432,0.0651630758044194
65.9967029519383,4.70352172046344,5.23282369442709,18.0865031381442,5.75587527163237,10.1565716122315,14.4098501664819,2.24174677584396,18.7367954996487,10.1628955563535,2.30278331068714,0.874745696564348,1.38415032987667,0.52355685739672,0.279742731722614,0.92184872461699,1.2079466595491,0.99104023693097,0.583048461616909,0.294049459142316,231.598965418143000,103.808426937122,100.691994935897,119.026122344293,80.5699960707582,122.392466698584,66.0629168732447,77.2030682203749,85.4986611619821,51.1549510797732,52.7701791042088,22.7014687841595,12.6614522016022,5.65707994798075,2.49342107556291,4.34895668210754,9.67220854138781,10.6458145095251,2.95322820039247,4.84159145371768,2.41916662212387,7.19806769647049,1.32380235484686,0.759338302083556,0.401506313831469,0.713815228779855,0.178395086133418,0.864184786472097,0.0329331664501559,0.493736950830768,0.0695836897477318
66.0187256571216,4.7698836134806,4.91643922483733,18.8099732343732,5.26513140332164,10.5530486038712,15.8930823513006,2.51167048318788,18.009413660237,11.1186401898246,2.29706977956973,0.913837357347379,1.3046118982315,0.457072578810026,0.267643368239702,0.907715798607946,1.28154331912512,1.05358269038771,0.553793687544888,0.325444139002806,231.598965418143000,108.287829761088,88.3663716670728,119.785424955231,78.0241157042482,134.710504518203,54.7137551810318,72.3776649087503,81.8004142203984,49.717003465785,54.4671114742004,22.4802157770427,11.6947149015764,6.17943368541601,2.50061284474203,4.62632262368001,9.28739485320634,10.9740056959524,2.850117246097,4.71306007212359,2.3561586218497,7.77058873773607,1.53640623754995,0.781009717018433,0.374723725359499,0.686872634168113,0.19341143777043,1.00302792435133,0.348558027365628,0.554442772527119,0.0692818442176273
66.091042063717,5.16852991665418,4.54367050815209,16.0451524203863,4.96154354176419,10.0434121878628,15.6196714613229,2.29658677244378,15.3013120848023,10.6580347188746,2.20906064535808,0.96311376324744,1.25671528731492,0.455339699762451,0.294830161681782,0.856894440417177,1.35994109532792,1.08232828251699,0.518644451276077,0.369938576147737,231.598965418143000,101.955671813504,104.539502253188,123.859126852193,83.3518024622341,172.886834527593,63.7966879039362,76.1720184175437,83.1604586515435,48.2240397386146,51.5664173876261,20.75464222389,11.7568222365007,5.89970984877137,2.3114591365735,5.3647378547859,9.46311764454717,11.106564055384,2.86679083131683,6.59266427633786,2.21567091002398,7.47372678883718,1.50717992116897,0.87439498045806,0.316454842067136,0.885574250356227,0.575376177939924,1.00100152296872,0.327148787019327,0.514336909763459,0.0654432061718093
64.764033512457,4.68457199808289,3.3629447163035,16.1181514441725,5.12737212531991,10.3561754950208,15.1110332752997,2.29028647944494,14.0351538756297,8.65635978255624,2.17486194766185,0.91333145222937,1.2610872886746,0.454000394926749,0.303396205924402,0.768611559733106,1.2694710771843,0.985934982140639,0.563679825809047,0.295634269294778,231.598965418143000,101.920685485442,103.186939511483,121.638825952871,90.3536357015808,132.59725147025,59.432834548756,95.3089558830887,80.2105047383977,48.8275072973425,53.8855125982944,21.7945943883496,11.4095386700423,5.91067624973043,2.68414745764558,4.66163315791262,9.41381789724186,11.225317482152,2.8920527808205,5.19314387844827,2.25147717183239,7.60652863683843,1.37468089144184,0.929874604878017,0.321121885154005,0.985220041340472,0.19179111159952,0.893895721960897,0.350015742629262,0.542122659225353,0.0686902705424623
65.6259009482141,5.47997581047572,2.53073697726698,18.2724800677435,4.8561408618174,9.92743483135188,15.1308321035193,2.17294407165791,9.71568730226434,8.48750266505051,2.11162618828159,1.04516786168841,1.28075103707286,0.44632464279309,0.254263665123346,0.758242175651201,1.36173231682846,0.980056419601005,0.57004275568735,0.264321927761989,231.598965418143000,106.257499198337,84.8623299253348,126.106619401858,82.0301719714496,127.180924087424,64.8654670310403,101.389797669015,81.054628638245,46.4543064959513,51.9436460246422,21.722481773143,11.6122058336494,6.19039279267336,2.69192517009017,4.39444434111768,8.91668138579621,11.4105872712705,2.94188266427348,3.4399218247118,2.12167557224867,8.34014075452953,1.33252212659546,0.929526329329531,0.189527755722744,0.941928525105933,0.147000125232566,1.02458375480134,0.345278025500304,0.491655652143531,0.0675454475456171
